-- phpMyAdmin SQL Dump
-- version 5.2.1
-- https://www.phpmyadmin.net/
--
-- Host: localhost:3306
-- Waktu pembuatan: 07 Jan 2026 pada 13.27
-- Versi server: 8.4.3
-- Versi PHP: 8.3.16

SET SQL_MODE = "NO_AUTO_VALUE_ON_ZERO";
START TRANSACTION;
SET time_zone = "+00:00";


/*!40101 SET @OLD_CHARACTER_SET_CLIENT=@@CHARACTER_SET_CLIENT */;
/*!40101 SET @OLD_CHARACTER_SET_RESULTS=@@CHARACTER_SET_RESULTS */;
/*!40101 SET @OLD_COLLATION_CONNECTION=@@COLLATION_CONNECTION */;
/*!40101 SET NAMES utf8mb4 */;

--
-- Database: `mosquito_db`
--

-- --------------------------------------------------------

--
-- Struktur dari tabel `alerts`
--

CREATE TABLE `alerts` (
  `id` char(36) COLLATE utf8mb4_unicode_ci NOT NULL,
  `device_id` char(36) COLLATE utf8mb4_unicode_ci NOT NULL,
  `device_code` varchar(255) COLLATE utf8mb4_unicode_ci NOT NULL,
  `alert_type` varchar(100) COLLATE utf8mb4_unicode_ci DEFAULT NULL,
  `alert_message` text COLLATE utf8mb4_unicode_ci,
  `alert_level` varchar(50) COLLATE utf8mb4_unicode_ci DEFAULT NULL,
  `created_at` timestamp NULL DEFAULT CURRENT_TIMESTAMP,
  `resolved_at` timestamp NULL DEFAULT NULL
) ENGINE=InnoDB DEFAULT CHARSET=utf8mb4 COLLATE=utf8mb4_unicode_ci;

--
-- Dumping data untuk tabel `alerts`
--

INSERT INTO `alerts` (`id`, `device_id`, `device_code`, `alert_type`, `alert_message`, `alert_level`, `created_at`, `resolved_at`) VALUES
('a9390c97-3033-4c44-a26a-91f4705c1c66', '4ebc0405-7647-436a-a448-4ac8f0a462cb', 'test', 'LARVA_DETECTED', 'Terdeteksi 2 jentik nyamuk', 'critical', '2026-01-01 21:22:24', NULL);

-- --------------------------------------------------------

--
-- Struktur dari tabel `cache`
--

CREATE TABLE `cache` (
  `key` varchar(255) COLLATE utf8mb4_unicode_ci NOT NULL,
  `value` mediumtext COLLATE utf8mb4_unicode_ci NOT NULL,
  `expiration` int NOT NULL
) ENGINE=InnoDB DEFAULT CHARSET=utf8mb4 COLLATE=utf8mb4_unicode_ci;

-- --------------------------------------------------------

--
-- Struktur dari tabel `cache_locks`
--

CREATE TABLE `cache_locks` (
  `key` varchar(255) COLLATE utf8mb4_unicode_ci NOT NULL,
  `owner` varchar(255) COLLATE utf8mb4_unicode_ci NOT NULL,
  `expiration` int NOT NULL
) ENGINE=InnoDB DEFAULT CHARSET=utf8mb4 COLLATE=utf8mb4_unicode_ci;

-- --------------------------------------------------------

--
-- Struktur dari tabel `devices`
--

CREATE TABLE `devices` (
  `id` char(36) COLLATE utf8mb4_unicode_ci NOT NULL,
  `device_code` varchar(255) COLLATE utf8mb4_unicode_ci NOT NULL,
  `location` varchar(255) COLLATE utf8mb4_unicode_ci DEFAULT NULL,
  `description` text COLLATE utf8mb4_unicode_ci,
  `is_active` tinyint(1) DEFAULT '1',
  `created_at` timestamp NULL DEFAULT CURRENT_TIMESTAMP
) ENGINE=InnoDB DEFAULT CHARSET=utf8mb4 COLLATE=utf8mb4_unicode_ci;

--
-- Dumping data untuk tabel `devices`
--

INSERT INTO `devices` (`id`, `device_code`, `location`, `description`, `is_active`, `created_at`) VALUES
('4ebc0405-7647-436a-a448-4ac8f0a462cb', 'test', NULL, NULL, 1, '2026-01-01 20:44:27'),
('6699effb-365f-4b45-b42a-f15e08c4323f', 'ESP32_test_01', NULL, 'Testing device', 1, '2026-01-01 20:21:41');

-- --------------------------------------------------------

--
-- Struktur dari tabel `device_auth`
--

CREATE TABLE `device_auth` (
  `id` char(36) COLLATE utf8mb4_unicode_ci NOT NULL,
  `device_id` char(36) COLLATE utf8mb4_unicode_ci NOT NULL,
  `device_code` varchar(255) COLLATE utf8mb4_unicode_ci NOT NULL,
  `password_hash` varchar(255) COLLATE utf8mb4_unicode_ci NOT NULL
) ENGINE=InnoDB DEFAULT CHARSET=utf8mb4 COLLATE=utf8mb4_unicode_ci;

--
-- Dumping data untuk tabel `device_auth`
--

INSERT INTO `device_auth` (`id`, `device_id`, `device_code`, `password_hash`) VALUES
('b0f88989-2db1-4e86-a77b-a90696e4bd0b', '6699effb-365f-4b45-b42a-f15e08c4323f', 'ESP32_test_01', '$2b$12$3cdTbfU0RR1bsaFXEQBNT.UTJ.FCyFnxfTYKGbM1EASXQzSkUIDai'),
('e5a26025-e60e-43f6-9f31-1d95719f0967', '4ebc0405-7647-436a-a448-4ac8f0a462cb', 'test', '$2b$12$7trnP87B5t7XRLtr2XzE8elsydYNyE/D8w.Sr3cyEziPihWe70FDS');

-- --------------------------------------------------------

--
-- Struktur dari tabel `device_controls`
--

CREATE TABLE `device_controls` (
  `id` varchar(36) COLLATE utf8mb4_unicode_ci NOT NULL,
  `device_id` char(36) COLLATE utf8mb4_unicode_ci NOT NULL,
  `device_code` varchar(50) COLLATE utf8mb4_unicode_ci NOT NULL,
  `control_command` enum('ACTIVATE','SLEEP','ACTIVATE_SERVO','STOP_SERVO') COLLATE utf8mb4_unicode_ci NOT NULL,
  `status` enum('PENDING','EXECUTED','FAILED') COLLATE utf8mb4_unicode_ci NOT NULL DEFAULT 'PENDING',
  `message` text COLLATE utf8mb4_unicode_ci,
  `created_at` datetime NOT NULL DEFAULT CURRENT_TIMESTAMP,
  `updated_at` datetime NOT NULL DEFAULT CURRENT_TIMESTAMP ON UPDATE CURRENT_TIMESTAMP
) ENGINE=InnoDB DEFAULT CHARSET=utf8mb4 COLLATE=utf8mb4_unicode_ci;

--
-- Dumping data untuk tabel `device_controls`
--

INSERT INTO `device_controls` (`id`, `device_id`, `device_code`, `control_command`, `status`, `message`, `created_at`, `updated_at`) VALUES
('cbd66d51-e4fe-4cee-bff1-d79b48e0ce8d', '4ebc0405-7647-436a-a448-4ac8f0a462cb', 'test', 'ACTIVATE_SERVO', 'EXECUTED', 'Servo activated at 22:21:55', '2026-01-06 13:09:46', '2026-01-06 15:21:58');

-- --------------------------------------------------------

--
-- Struktur dari tabel `failed_jobs`
--

CREATE TABLE `failed_jobs` (
  `id` bigint UNSIGNED NOT NULL,
  `uuid` varchar(255) COLLATE utf8mb4_unicode_ci NOT NULL,
  `connection` text COLLATE utf8mb4_unicode_ci NOT NULL,
  `queue` text COLLATE utf8mb4_unicode_ci NOT NULL,
  `payload` longtext COLLATE utf8mb4_unicode_ci NOT NULL,
  `exception` longtext COLLATE utf8mb4_unicode_ci NOT NULL,
  `failed_at` timestamp NOT NULL DEFAULT CURRENT_TIMESTAMP
) ENGINE=InnoDB DEFAULT CHARSET=utf8mb4 COLLATE=utf8mb4_unicode_ci;

-- --------------------------------------------------------

--
-- Struktur dari tabel `images`
--

CREATE TABLE `images` (
  `id` char(36) COLLATE utf8mb4_unicode_ci NOT NULL,
  `device_id` char(36) COLLATE utf8mb4_unicode_ci NOT NULL,
  `device_code` varchar(255) COLLATE utf8mb4_unicode_ci NOT NULL,
  `image_type` varchar(50) COLLATE utf8mb4_unicode_ci DEFAULT NULL,
  `image_path` varchar(500) COLLATE utf8mb4_unicode_ci DEFAULT NULL,
  `width` int DEFAULT NULL,
  `height` int DEFAULT NULL,
  `checksum` varchar(64) COLLATE utf8mb4_unicode_ci DEFAULT NULL,
  `captured_at` timestamp NULL DEFAULT NULL,
  `uploaded_at` timestamp NULL DEFAULT CURRENT_TIMESTAMP
) ENGINE=InnoDB DEFAULT CHARSET=utf8mb4 COLLATE=utf8mb4_unicode_ci;

--
-- Dumping data untuk tabel `images`
--

INSERT INTO `images` (`id`, `device_id`, `device_code`, `image_type`, `image_path`, `width`, `height`, `checksum`, `captured_at`, `uploaded_at`) VALUES
('07fea6a4-ba77-461e-9e01-299748727173', '4ebc0405-7647-436a-a448-4ac8f0a462cb', 'test', 'original', './storage/images/original\\test_original_20260102_040746_260586.jpg', 1440, 1080, 'b60f855337a220dbca38faf220a3076e7041d7974b9680167505d285d23ae601', '2026-01-01 21:07:46', '2026-01-01 21:07:46'),
('0a9fdee9-99b8-41ea-a466-ea218cb72486', '4ebc0405-7647-436a-a448-4ac8f0a462cb', 'test', 'preprocessed', './storage/images/preprocessed\\test_preprocessed_20260106_154036_318926.jpg', 830, 556, 'c10fa3c63f996c346f8205b94bc476ed4eef30a7234541ba3a905deaec836c59', '2026-01-06 08:40:36', '2026-01-06 08:40:36'),
('1809d53c-8eb1-4d32-9ef2-dd675610b2f6', '4ebc0405-7647-436a-a448-4ac8f0a462cb', 'test', 'original', './storage/images/original\\test_original_20260102_034449_839378.jpg', 1440, 1080, 'b60f855337a220dbca38faf220a3076e7041d7974b9680167505d285d23ae601', '2026-01-01 20:44:50', '2026-01-01 20:44:50'),
('1bc90c9c-312d-4ecf-b6c1-c93fdce9bcd7', '6699effb-365f-4b45-b42a-f15e08c4323f', 'ESP32_test_01', 'preprocessed', './storage/images/preprocessed\\ESP32_test_01_preprocessed_20260102_032239_725628.jpg', 283, 178, '0ca44f3717918c06c2ea6fef5b3ba4d049fc37c1149041289232b6c34ae5c13f', '2026-01-01 20:22:40', '2026-01-01 20:22:40'),
('1f09c045-660d-4364-9cdf-f8a14c04c32f', '6699effb-365f-4b45-b42a-f15e08c4323f', 'ESP32_test_01', 'original', './storage/images/original\\ESP32_test_01_original_20260102_033731_887132.jpg', 1440, 1080, 'b60f855337a220dbca38faf220a3076e7041d7974b9680167505d285d23ae601', '2026-01-01 20:37:32', '2026-01-01 20:37:32'),
('243074ea-ce6c-4c68-9b36-2818c23fbe86', '4ebc0405-7647-436a-a448-4ac8f0a462cb', 'test', 'original', './storage/images/original\\test_original_20260102_042219_473655.jpg', 1440, 1080, 'b60f855337a220dbca38faf220a3076e7041d7974b9680167505d285d23ae601', '2026-01-01 21:22:19', '2026-01-01 21:22:19'),
('24f20902-df77-4384-9f1a-2a6ee2b1b96c', '4ebc0405-7647-436a-a448-4ac8f0a462cb', 'test', 'preprocessed', './storage/images/preprocessed\\test_preprocessed_20260102_035848_555921.jpg', 1024, 768, 'bc7e67c09c68a5dd2a65ccd46055023ea8266b96d85e4de2ae397f877f93c132', '2026-01-01 20:58:49', '2026-01-01 20:58:49'),
('2abc1a61-711f-4660-bb3f-4e3d2e049f1a', '4ebc0405-7647-436a-a448-4ac8f0a462cb', 'test', 'original', './storage/images/original\\test_original_20260106_154036_318926.jpg', 830, 556, 'd01f6fa12bfc2b1c5b0e994d22b3e137ecdf717de4d146bee480f66cfc510ef7', '2026-01-06 08:40:36', '2026-01-06 08:40:36'),
('2ff08364-129c-490b-96a9-46ce41aa1f71', '6699effb-365f-4b45-b42a-f15e08c4323f', 'ESP32_test_01', 'original', './storage/images/original\\ESP32_test_01_original_20260102_032831_045774.jpg', 606, 404, 'c4797c65ed4d27e7954bdc70abce023a8f79406cbfe7ef155a76a357d9447641', '2026-01-01 20:28:31', '2026-01-01 20:28:31'),
('36dec428-63d8-40b3-9822-ae560c65024a', '4ebc0405-7647-436a-a448-4ac8f0a462cb', 'test', 'preprocessed', './storage/images/preprocessed\\test_preprocessed_20260102_040834_435933.jpg', 606, 404, '0ce901e2b5cbdccd3ca7047e84168e88078163b0027e2bd3a45b1435d12a75b6', '2026-01-01 21:08:34', '2026-01-01 21:08:34'),
('3b138e79-bcc2-47c3-84f2-6bcfbb39ace3', '4ebc0405-7647-436a-a448-4ac8f0a462cb', 'test', 'original', './storage/images/original\\test_original_20260102_041225_757071.jpg', 283, 178, '77ff60239e9adc53ee282208bfbb5bb10cc0cd08082d873e40141fa6423130b8', '2026-01-01 21:12:26', '2026-01-01 21:12:26'),
('427af21a-9c73-4b83-94fe-25ffd1cee44b', '4ebc0405-7647-436a-a448-4ac8f0a462cb', 'test', 'preprocessed', './storage/images/preprocessed\\test_preprocessed_20260102_041225_757071.jpg', 283, 178, '0ca44f3717918c06c2ea6fef5b3ba4d049fc37c1149041289232b6c34ae5c13f', '2026-01-01 21:12:26', '2026-01-01 21:12:26'),
('430baef4-ed09-41c8-bd9d-0efc827a3d26', '4ebc0405-7647-436a-a448-4ac8f0a462cb', 'test', 'preprocessed', './storage/images/preprocessed\\test_preprocessed_20260106_122955_528557.jpg', 1024, 768, 'bc7e67c09c68a5dd2a65ccd46055023ea8266b96d85e4de2ae397f877f93c132', '2026-01-06 05:29:56', '2026-01-06 05:29:56'),
('470e0a4f-812a-4977-a52f-7ad95bffe81b', '4ebc0405-7647-436a-a448-4ac8f0a462cb', 'test', 'preprocessed', './storage/images/preprocessed\\test_preprocessed_20260102_042536_376131.jpg', 606, 404, '0ce901e2b5cbdccd3ca7047e84168e88078163b0027e2bd3a45b1435d12a75b6', '2026-01-01 21:25:36', '2026-01-01 21:25:36'),
('52283d68-7e63-435b-a413-bee20a9dcb43', '4ebc0405-7647-436a-a448-4ac8f0a462cb', 'test', 'original', './storage/images/original\\test_original_20260102_035123_779477.jpg', 1440, 1080, 'b60f855337a220dbca38faf220a3076e7041d7974b9680167505d285d23ae601', '2026-01-01 20:51:24', '2026-01-01 20:51:24'),
('5949dc3b-9d05-4ef1-8a20-2b1fe1bd6656', '4ebc0405-7647-436a-a448-4ac8f0a462cb', 'test', 'original', './storage/images/original\\test_original_20260102_035610_584793.jpg', 763, 508, '0ce12a665a27f0135accfcfafcb05374674b9d341f5a3852ec5a01a89a4bc23a', '2026-01-01 20:56:11', '2026-01-01 20:56:11'),
('6153653e-5189-488a-adae-b8f4c73a4310', '4ebc0405-7647-436a-a448-4ac8f0a462cb', 'test', 'original', './storage/images/original\\test_original_20260102_042536_376131.jpg', 606, 404, 'c4797c65ed4d27e7954bdc70abce023a8f79406cbfe7ef155a76a357d9447641', '2026-01-01 21:25:36', '2026-01-01 21:25:36'),
('641f99a9-c698-4733-80f5-d94b99a87cd0', '4ebc0405-7647-436a-a448-4ac8f0a462cb', 'test', 'preprocessed', './storage/images/preprocessed\\test_preprocessed_20260102_042015_735928.jpg', 283, 178, '0ca44f3717918c06c2ea6fef5b3ba4d049fc37c1149041289232b6c34ae5c13f', '2026-01-01 21:20:16', '2026-01-01 21:20:16'),
('6ebb27e8-78e3-4763-be4c-44f1481ffcde', '6699effb-365f-4b45-b42a-f15e08c4323f', 'ESP32_test_01', 'original', './storage/images/original\\ESP32_test_01_original_20260102_032239_725628.jpg', 283, 178, '77ff60239e9adc53ee282208bfbb5bb10cc0cd08082d873e40141fa6423130b8', '2026-01-01 20:22:40', '2026-01-01 20:22:40'),
('77853b0d-b6ae-4eb2-84b1-aa41aa8c1e1a', '4ebc0405-7647-436a-a448-4ac8f0a462cb', 'test', 'original', './storage/images/original\\test_original_20260102_035848_555921.jpg', 1440, 1080, 'b60f855337a220dbca38faf220a3076e7041d7974b9680167505d285d23ae601', '2026-01-01 20:58:49', '2026-01-01 20:58:49'),
('7dc41938-9578-4894-80ab-a9dae29d7fb7', '4ebc0405-7647-436a-a448-4ac8f0a462cb', 'test', 'preprocessed', './storage/images/preprocessed\\test_preprocessed_20260102_034449_839378.jpg', 1024, 768, 'bc7e67c09c68a5dd2a65ccd46055023ea8266b96d85e4de2ae397f877f93c132', '2026-01-01 20:44:50', '2026-01-01 20:44:50'),
('876bebeb-0a32-49d5-8f9f-25988dafb2a2', '4ebc0405-7647-436a-a448-4ac8f0a462cb', 'test', 'preprocessed', './storage/images/preprocessed\\test_preprocessed_20260102_035123_779477.jpg', 1024, 768, 'bc7e67c09c68a5dd2a65ccd46055023ea8266b96d85e4de2ae397f877f93c132', '2026-01-01 20:51:24', '2026-01-01 20:51:24'),
('97b1d292-a189-40fb-afd4-233364bd69ef', '4ebc0405-7647-436a-a448-4ac8f0a462cb', 'test', 'preprocessed', './storage/images/preprocessed\\test_preprocessed_20260102_043114_833894.jpg', 763, 508, '49d21fe6f5314b8d26002ad6a4c0dcdefb3234f80d8e0e5d4a074cbb743d8a43', '2026-01-01 21:31:15', '2026-01-01 21:31:15'),
('9c1a47cb-9b5e-441d-a3a1-18516011047f', '4ebc0405-7647-436a-a448-4ac8f0a462cb', 'test', 'original', './storage/images/original\\test_original_20260102_040834_435933.jpg', 606, 404, 'c4797c65ed4d27e7954bdc70abce023a8f79406cbfe7ef155a76a357d9447641', '2026-01-01 21:08:34', '2026-01-01 21:08:34'),
('a39af1a5-a1d7-407a-87a1-574584548cb7', '4ebc0405-7647-436a-a448-4ac8f0a462cb', 'test', 'preprocessed', './storage/images/preprocessed\\test_preprocessed_20260107_105545_735828.jpg', 606, 404, '0ce901e2b5cbdccd3ca7047e84168e88078163b0027e2bd3a45b1435d12a75b6', '2026-01-07 03:55:46', '2026-01-07 03:55:46'),
('b6232b6b-cb4c-4778-95f5-d7fe2c2feffc', '4ebc0405-7647-436a-a448-4ac8f0a462cb', 'test', 'preprocessed', './storage/images/preprocessed\\test_preprocessed_20260102_042219_473655.jpg', 1024, 768, 'bc7e67c09c68a5dd2a65ccd46055023ea8266b96d85e4de2ae397f877f93c132', '2026-01-01 21:22:19', '2026-01-01 21:22:20'),
('b8b59e34-db44-45b9-bd98-bea3e7bb7d4a', '4ebc0405-7647-436a-a448-4ac8f0a462cb', 'test', 'original', './storage/images/original\\test_original_20260102_043018_346989.jpg', 763, 508, '0ce12a665a27f0135accfcfafcb05374674b9d341f5a3852ec5a01a89a4bc23a', '2026-01-01 21:30:18', '2026-01-01 21:30:18'),
('b9554dd8-e23f-4a0b-be99-fcad5234c8f4', '6699effb-365f-4b45-b42a-f15e08c4323f', 'ESP32_test_01', 'preprocessed', './storage/images/preprocessed\\ESP32_test_01_preprocessed_20260102_033731_887132.jpg', 1024, 768, 'bc7e67c09c68a5dd2a65ccd46055023ea8266b96d85e4de2ae397f877f93c132', '2026-01-01 20:37:32', '2026-01-01 20:37:32'),
('c300a902-e80e-4da5-b838-1eb4676c9e6a', '4ebc0405-7647-436a-a448-4ac8f0a462cb', 'test', 'original', './storage/images/original\\test_original_20260102_043114_832898.jpg', 763, 508, '0ce12a665a27f0135accfcfafcb05374674b9d341f5a3852ec5a01a89a4bc23a', '2026-01-01 21:31:15', '2026-01-01 21:31:15'),
('c718378f-5bc5-426f-9a7a-5183541ef9f1', '4ebc0405-7647-436a-a448-4ac8f0a462cb', 'test', 'preprocessed', './storage/images/preprocessed\\test_preprocessed_20260102_043018_348989.jpg', 763, 508, '49d21fe6f5314b8d26002ad6a4c0dcdefb3234f80d8e0e5d4a074cbb743d8a43', '2026-01-01 21:30:18', '2026-01-01 21:30:18'),
('cdff88b7-92ab-439f-8848-2b38868d9164', '4ebc0405-7647-436a-a448-4ac8f0a462cb', 'test', 'original', './storage/images/original\\test_original_20260102_042302_182403.jpg', 283, 178, '77ff60239e9adc53ee282208bfbb5bb10cc0cd08082d873e40141fa6423130b8', '2026-01-01 21:23:02', '2026-01-01 21:23:02'),
('d7d03695-7c64-46f6-a0ed-625526f4e630', '4ebc0405-7647-436a-a448-4ac8f0a462cb', 'test', 'preprocessed', './storage/images/preprocessed\\test_preprocessed_20260102_042302_182403.jpg', 283, 178, '0ca44f3717918c06c2ea6fef5b3ba4d049fc37c1149041289232b6c34ae5c13f', '2026-01-01 21:23:02', '2026-01-01 21:23:02'),
('d87770a5-dedf-46e1-9ddf-90b38bfb17c0', '6699effb-365f-4b45-b42a-f15e08c4323f', 'ESP32_test_01', 'preprocessed', './storage/images/preprocessed\\ESP32_test_01_preprocessed_20260102_032614_572476.jpg', 763, 508, '49d21fe6f5314b8d26002ad6a4c0dcdefb3234f80d8e0e5d4a074cbb743d8a43', '2026-01-01 20:26:15', '2026-01-01 20:26:15'),
('d987b911-63da-4360-9306-d80c69c06b60', '6699effb-365f-4b45-b42a-f15e08c4323f', 'ESP32_test_01', 'original', './storage/images/original\\ESP32_test_01_original_20260102_032614_572476.jpg', 763, 508, '0ce12a665a27f0135accfcfafcb05374674b9d341f5a3852ec5a01a89a4bc23a', '2026-01-01 20:26:15', '2026-01-01 20:26:15'),
('dde6a7de-83b3-495d-87bb-d97bcce8abc3', '4ebc0405-7647-436a-a448-4ac8f0a462cb', 'test', 'preprocessed', './storage/images/preprocessed\\test_preprocessed_20260102_040746_260586.jpg', 1024, 768, 'bc7e67c09c68a5dd2a65ccd46055023ea8266b96d85e4de2ae397f877f93c132', '2026-01-01 21:07:46', '2026-01-01 21:07:46'),
('e3705062-6525-4161-8065-5cb2efc63529', '4ebc0405-7647-436a-a448-4ac8f0a462cb', 'test', 'original', './storage/images/original\\test_original_20260106_122955_526025.jpg', 1440, 1080, 'b60f855337a220dbca38faf220a3076e7041d7974b9680167505d285d23ae601', '2026-01-06 05:29:56', '2026-01-06 05:29:56'),
('ed05d3b9-2b2e-42b3-8530-e612848c48ca', '6699effb-365f-4b45-b42a-f15e08c4323f', 'ESP32_test_01', 'preprocessed', './storage/images/preprocessed\\ESP32_test_01_preprocessed_20260102_032831_045774.jpg', 606, 404, '0ce901e2b5cbdccd3ca7047e84168e88078163b0027e2bd3a45b1435d12a75b6', '2026-01-01 20:28:31', '2026-01-01 20:28:31'),
('edd0f797-befa-4e9e-b5e3-0177ad8a57e4', '4ebc0405-7647-436a-a448-4ac8f0a462cb', 'test', 'original', './storage/images/original\\test_original_20260102_042015_735928.jpg', 283, 178, '77ff60239e9adc53ee282208bfbb5bb10cc0cd08082d873e40141fa6423130b8', '2026-01-01 21:20:16', '2026-01-01 21:20:16'),
('eeca0448-d96f-4bc6-9934-7d426857d35a', '4ebc0405-7647-436a-a448-4ac8f0a462cb', 'test', 'preprocessed', './storage/images/preprocessed\\test_preprocessed_20260102_035610_584793.jpg', 763, 508, '49d21fe6f5314b8d26002ad6a4c0dcdefb3234f80d8e0e5d4a074cbb743d8a43', '2026-01-01 20:56:11', '2026-01-01 20:56:11'),
('fb37e503-85ae-446e-aac8-63d819effa70', '4ebc0405-7647-436a-a448-4ac8f0a462cb', 'test', 'original', './storage/images/original\\test_original_20260107_105545_730839.jpg', 606, 404, 'c4797c65ed4d27e7954bdc70abce023a8f79406cbfe7ef155a76a357d9447641', '2026-01-07 03:55:46', '2026-01-07 03:55:46');

-- --------------------------------------------------------

--
-- Struktur dari tabel `inference_results`
--

CREATE TABLE `inference_results` (
  `id` char(36) COLLATE utf8mb4_unicode_ci NOT NULL,
  `image_id` char(36) COLLATE utf8mb4_unicode_ci NOT NULL,
  `device_id` char(36) COLLATE utf8mb4_unicode_ci NOT NULL,
  `device_code` varchar(255) COLLATE utf8mb4_unicode_ci NOT NULL,
  `inference_at` timestamp NULL DEFAULT CURRENT_TIMESTAMP,
  `raw_prediction` json DEFAULT NULL,
  `total_objects` int DEFAULT '0',
  `total_jentik` int DEFAULT '0',
  `total_non_jentik` int DEFAULT '0',
  `avg_confidence` float DEFAULT '0',
  `parsing_version` varchar(50) COLLATE utf8mb4_unicode_ci DEFAULT NULL,
  `status` varchar(50) COLLATE utf8mb4_unicode_ci DEFAULT NULL,
  `error_message` text COLLATE utf8mb4_unicode_ci
) ENGINE=InnoDB DEFAULT CHARSET=utf8mb4 COLLATE=utf8mb4_unicode_ci;

--
-- Dumping data untuk tabel `inference_results`
--

INSERT INTO `inference_results` (`id`, `image_id`, `device_id`, `device_code`, `inference_at`, `raw_prediction`, `total_objects`, `total_jentik`, `total_non_jentik`, `avg_confidence`, `parsing_version`, `status`, `error_message`) VALUES
('2e40408a-f6e3-4c77-8bea-ec0c1cdacd55', '2abc1a61-711f-4660-bb3f-4e3d2e049f1a', '4ebc0405-7647-436a-a448-4ac8f0a462cb', 'test', '2026-01-06 08:40:42', '[{\"dynamic_crop\": [\"/9j/4AAQSkZJRgABAQAAAQABAAD/2wBDAAIBAQEBAQIBAQECAgICAgQDAgICAgUEBAMEBgUGBgYFBgYGBwkIBgcJBwYGCAsICQoKCgoKBggLDAsKDAkKCgr/2wBDAQICAgICAgUDAwUKBwYHCgoKCgoKCgoKCgoKCgoKCgoKCgoKCgoKCgoKCgoKCgoKCgoKCgoKCgoKCgoKCgoKCgr/wAARCABkAFoDASIAAhEBAxEB/8QAHwAAAQUBAQEBAQEAAAAAAAAAAAECAwQFBgcICQoL/8QAtRAAAgEDAwIEAwUFBAQAAAF9AQIDAAQRBRIhMUEGE1FhByJxFDKBkaEII0KxwRVS0fAkM2JyggkKFhcYGRolJicoKSo0NTY3ODk6Q0RFRkdISUpTVFVWV1hZWmNkZWZnaGlqc3R1dnd4eXqDhIWGh4iJipKTlJWWl5iZmqKjpKWmp6ipqrKztLW2t7i5usLDxMXGx8jJytLT1NXW19jZ2uHi4+Tl5ufo6erx8vP09fb3+Pn6/8QAHwEAAwEBAQEBAQEBAQAAAAAAAAECAwQFBgcICQoL/8QAtREAAgECBAQDBAcFBAQAAQJ3AAECAxEEBSExBhJBUQdhcRMiMoEIFEKRobHBCSMzUvAVYnLRChYkNOEl8RcYGRomJygpKjU2Nzg5OkNERUZHSElKU1RVVldYWVpjZGVmZ2hpanN0dXZ3eHl6goOEhYaHiImKkpOUlZaXmJmaoqOkpaanqKmqsrO0tba3uLm6wsPExcbHyMnK0tPU1dbX2Nna4uPk5ebn6Onq8vP09fb3+Pn6/9oADAMBAAIRAxEAPwD7JT7wp9MT7wqaNc896+oZ4ZE77Tk9KC6spxSyKOcjpTVwTtCjnikmpaFONo3JfKczx26EMXXduB4H1zUHiWdfD2hS6rMWkjjieR/LYE4AycZIq3HMlmRNOdzIvyn0rnfiZ8UPBmmeEdQ8M6xNGssllJFFvic8uuR0X3FO7hD3jOE1J2OU8O/tJeFtS1aXSInxJC7xsrbM5XOf4vavTAstwgm8sAOfvHtgD/GvzO8QeMPF+g/GDVb7RZpms31G6NuoYINjNIBxjPTBr6g8F/8ABQ/wRbaL/ZXiCaMXSq2Fd5s54A+7GR0I715LzDlT9T0I4OThzH0jLFcIGMsB+Q4HydfeogMy+XvHCDOT0Oa8z+DX7VNt8XdaFhb2w8pjhSJXOQELdCoz0r1ifTgB58Z5Zd23aK9GnVjUgpHHUi4SsUYpPN34jI2Ngkjr9KjOo2QODcqD3Gar+Kdcj8NWW6R8O+GP/fQH9axBZicCfz/v/N+ddCsiTpkOWqZfu8GquG3ccVIruoqIrmBjpDgEHrToIvMdU9ajALuCfWrtvavJhUbB6ZxWcYqnUuyuVuKResbGJplSaLeCOgxk/nXz5+3Da6RougyeJYJmSRYmYoXUHiHcOmK+jbY2+m241KW8x5eEztx16V8aftzfEO2mnk0y501Z0kG3c0xxzCO22vHzzHqlTagehhMvVR8x5B4HWx8bo19Y2zS4lXeyhXbJXJ/vdqk+GnwR8LeN/ibZ2U+ohGa6gEiC62cF1B42in/Arx34I8I20tpEsSmeUs8JycEKRj7teu/BD4feHrXxrB4ot9NQ4mjBKFudsik9SB1Hp+VfE0sbUa996NntKKp0+U+nvhZ8BfA/wv8AD1vdafbyPKsK9JgwJxtJ+7k9fWtm8uo1aS9UYRItx3L0A56/hW1pN2x0ezItCEjhUMPM4/ICuF+Lvjuw8P6E1lZWgMlyTEf3hz8yE9/rX6TlsITwalc8HGR966Rxut3knjHxqLCMloYmdSQeB1b+a12MWihIlTZ0UDtXNfCfQxFBc+INRvBEXk3kGLPXcAMkHtXTnxpokZ8v+zkbbxu3Dn/x2ultI4Y3aLrRgfMBSBd524pjTvjkcUC6WRgFYj39K5FN9ylHUmijBYZ6e3r6VftgynhSRkZC9azUcvKCh6fKV9T61t2lvcQxbFQmRVJDDvxTqzShobxUbEHi+6sU8KSIpkWUSLxuxnBwa+JP2jr+31vxHJZNCr+QsbEsuesa19Z/E3UibZ7Z70RyI3KY6nca+K/iBNqGveJry8ikaIeXFwTndhB+VfL4tKriOSTPQwtaVI828B2Vta+LbuWe1naJ7mRlAXjox4r7Z+DtrZXWmx3EdqIwrnBZQD97PrXy1ommNDqETmyLl1JZc45wfSvqPw3JLZeGwlmfs+d+cr7DufrXzfEEqOCoJRPaw0HiLs9Tf4laZoekfYJr+PzHVNpLrwP++q8lS6j8deNkhn1qFktXjnMYuFBCgqD3PY1zXi3SNa1CYsb12U5AO0eoA/nXCfDbwP400/x6urtq0iwOyJNi3X5oxImRnPpVZFxFKnBRkY4nL3ufR+t3U8hg8P6NDJ5b/fmQEgEc/eHHPNW4/C1yY1LE52jOTXSeF49IHhuCZLFRIIlErA/eOTg/lV8PouOdNH/fdfodLG061NSifOV4OFSxzaaqJjsxjPvVu1QSLhDy3ArJliiRt0ZB+lWNPublplijDDng4rZUm3YT5Ub9i1rBKssvKhcN/vZxXSaWrXV/AvlgYcF1JHI/GuT0rTH1a8WN7tY0APmF04Dev9ar+N/2g/hv4B0/UvDEfiO2bUYLcGCZpsHccsvylTngiuHG4qhgIv2ki8Pgq+Kq+5seW/tOfFbwzH4qn8OaRqIF7bPJFKA643pIytnB/KvHdS8G3Wo2C3iRgSeYQ528EYwOx9K8k8dad4t+J3xq1XxR4X1RnY6jdOGjjQ7g00jE9uxFfUN9bN4Y8NC6vm3mIStIShXozdwCPTv3r8zx/EdCpjuWDPp1lNSjSTkjzTSdEXw5fx3OqQq3GcbQeCMf3R6+tdPqXxjtY7BYoIWVVHP7rHVSOxPcCuI1f4v6T4o8RvoSaQAY2aJnF0SMjPYD2rrbX4Z6Pf6YYo5VXcr/ADKjMRwv/wAVXy+e5hLGTjCm7s9bBYf2MLs9Q8CajonijwO99NCxlHlAbk4yevWsvwXYSNqRhEI2qTj5R/eH+FS/Cmbwx4ato/DlxeRPLgKoLsGYqpycV6hpWk+HIMvGqxlsYO5vr3r3cmybE1KCkcOKxdJpou6KP7L0xLKTkGID8etNa9bJ471Ym8llCeeDtHFVjsBxxX6fl+GqU8OozPka9RSqNmXFG2AW4HfIrTsbBLwo0e5WBG0Lxk1HFLYm1Wb5cEc81u6db2Wn2I1a+jCLCd0ZaXAYjH+P6V9BL2cYNtnNKNSokkeP/tXfEvVfhN4JB8JzgX1w0Od8jDG7crfdZT2PcduvSvkHxt4l8XWfgKfx14kv3k1G5hkKRyXDumYxgZDEt90Doa93/ac8e2Ws/EJI7WbeiQN+6ViCNsrg4I5zzXyr+0p8U7jWvEFj4YiusQNcbChKnG6JPVc/xV+F8YZjiMTmHsab0R+h8PUI0qHNJHdfsufFnw54fun13x5ZoqeY67oISc7kHPzMO+K99+IvxY0KewkTw6ouEuA6r9qgIAOMfwv7CvgGfxVe6zer4L0tWCZ3FlUdUPPQD0r6N8LyaobGC3ussquSCy8dR3J96/Pa2CrYfE+1bufTtUcT7p6d8PvDfgxLiTxHqemqs07NISIFxuYY789c96zbXxdqHizW20/R7kJCyAKokK9SF7fSqd78QtIstDj0u1uVkudqAQo/PBOf5Guf/Z30jXdQ8SCa5spQfkJjKHgeYvf8a9rhbD18xzS0o6Hn5hThQwz5We//AAR8ACfWU1rUpppAhOASCACpxnPNe03n2bzFEUAAAHJQY4Fcx4G0U6VpMUsdn5R2JuBzz8p9vathb+ebckg2qDhWNf0dgcFSwtKMUj8uq15yrP1Jrq7d3ARAFHUhaqmVs/foMksSmF5M7+nFQFnz0rucY3Mmlcra2F8M25mldzEi7iCCcjnsPoa+W/2k/wBr74nQ6lL4K8EoURyUVo5rhGXKI3BWQAdWHSv04+Mn7FOpXegJY6Pco8shGVW1kYlcnIxu968d8L/8E+PGWk3cl7cW0vmghpAbSXGfxbHWvFxkZ18M1GVjroydF3kj80fCtj8YhPJ4v8axxXCSo7E3F3JIwDYY43HPXFc5ZfA3xN+0D46tk8K2ziYXMbbbh1hXoAcbs5+6K/XbRP2GpJHlv/GETGAuUWEiZCVOe4cY7d65uP8AY8+JPgzxXK/wm0a5sLR3j5Nk9yGCgc5kDY+YE9a+bo8J4arN1Zz1PZp5lOULRdj86PC37F9/8O9buLrxbGDdQTvG4jkSQehx8o7q1eseBfAN94yl/sDTtNjXYFWJxGFOWOMkgHuK+7dL/YY8V69d/wBp+P7KaaR1YvK9tLECWJYk7WUZyT+leg2f/BObQPB9l9o8PXcKzoW2gLO+cPuGQXIPNeLiuFYSxN27o3oZxPD/ABH5QXf7MPxCt/ifIJ2Z4Vmm2K046DdjClcHrX1Z8LPgTo3ha0a9ktI/P2HqseeCp/hUH9a+x9L/AGNLxreO4vbhd+Dv/wBHkA5OTxu9avD9kfVVYFNSQKTyPs8n4/x19PlGTYHL0pRWp52NzOviU+XY+Zms4bezCNGFwPlUIf8AGqZtPN08yxw5OTzsxX1nc/shNc6Y8dxfRmTHyARS+vpurkrv9lPxbpcDQWeSm48rbP8A1NfR/XIKyueEqNdyu2fNv2VgqTFvnC8KTSYbuBX0jd/sieI9R0PbJKxZgvHkP/eHvVNf2INXKgktnHP7iT/4qtXiYWNuSXU+jn8U3soVprK1c7eC0ROP1qGXxNcCbzDptmT3BhPP60UV40W3E9KSVkZtzrh1LUJIbrSbIqJRhfJJHT0Jq9pusGK5a0i0y0UY4ZYcEfrRRRPRaGC0ZoXerTQxKot4Wz3ZMmrFlrF7eSK0zDBIyqjAPyg0UVdNJw1Ln8JfnvJPMZdox6ZPp9axNS1/ULa6RYiuM9Dn/GiinBK5mjXh1a4uLZJHjQNx8yg/41JDeSzbkkUEZPc/40UUWVip/Ch3mESpGF4K9Mn/ABp3nP8A5JoopmEtz//Z\", \"/9j/4AAQSkZJRgABAQAAAQABAAD/2wBDAAIBAQEBAQIBAQECAgICAgQDAgICAgUEBAMEBgUGBgYFBgYGBwkIBgcJBwYGCAsICQoKCgoKBggLDAsKDAkKCgr/2wBDAQICAgICAgUDAwUKBwYHCgoKCgoKCgoKCgoKCgoKCgoKCgoKCgoKCgoKCgoKCgoKCgoKCgoKCgoKCgoKCgoKCgr/wAARCABoAEcDASIAAhEBAxEB/8QAHwAAAQUBAQEBAQEAAAAAAAAAAAECAwQFBgcICQoL/8QAtRAAAgEDAwIEAwUFBAQAAAF9AQIDAAQRBRIhMUEGE1FhByJxFDKBkaEII0KxwRVS0fAkM2JyggkKFhcYGRolJicoKSo0NTY3ODk6Q0RFRkdISUpTVFVWV1hZWmNkZWZnaGlqc3R1dnd4eXqDhIWGh4iJipKTlJWWl5iZmqKjpKWmp6ipqrKztLW2t7i5usLDxMXGx8jJytLT1NXW19jZ2uHi4+Tl5ufo6erx8vP09fb3+Pn6/8QAHwEAAwEBAQEBAQEBAQAAAAAAAAECAwQFBgcICQoL/8QAtREAAgECBAQDBAcFBAQAAQJ3AAECAxEEBSExBhJBUQdhcRMiMoEIFEKRobHBCSMzUvAVYnLRChYkNOEl8RcYGRomJygpKjU2Nzg5OkNERUZHSElKU1RVVldYWVpjZGVmZ2hpanN0dXZ3eHl6goOEhYaHiImKkpOUlZaXmJmaoqOkpaanqKmqsrO0tba3uLm6wsPExcbHyMnK0tPU1dbX2Nna4uPk5ebn6Onq8vP09fb3+Pn6/9oADAMBAAIRAxEAPwD7B8wjtmnA5GcVDEZ3IAGamBK8OMe9fUHlWQ+PBXOKDGpOcn86EKhOD06e9EZJBftSba2MaqkloJNHvjxg8Cq7W8U6x2zvgmYflirscpKHvTrUWEiyG9ujBiMiNim7L54HHTiq52hUnzuxV1XxN4M8MrFYatqsaSsCAv2hB6ep9604FsdRX7TpjrIvlZGHDZ49vrX5+/t2fHzxH4a+M1v4c0G+kdVmuk/duVyQEI6r6Z719Ofsm/tEfD7xDpC6Xe+LUfU47VnmtXhkJC/ugTuC4PJxxXnTx9KNXluegsK5Quj12aa4tJDE+QB7UVTufiV4C1Sfyf8AhIFRvQ2788Z7gUV3RnGUbo4nTmnYngCom4CiUs56CmyNsTiiOXIBIxVGj2E8pSeWxT0UfcB46fWmSKS2Q/XtQr7XCMOtXTajK7M567lmFY8+Xt61xvxv8Na6fDM2v6TeLB9lRpeZimdkZboPXbXa2SO14kQGckD9K4T9rjxVceFvhNfvBc+S5tpgTjPH2eX/AB/SvIzLEOjdo6MDQbnc+N/EHgjSPEniGbx3rU6Xl5AXJijkR/mkUryGUnpz+FeXa/oPjBfiA1x8O9QMDy26RNG8joApkGQBH2yF/Kur/ZSuvF3xD+LuoRahJNcabJfD95hCu3ypWAIGCO1dlpPgSfwf8Zzdw3bTwLADt8rbhvORgM7j2H61+d1cXXWM5r6H00aKjT2Or/Zc/Zi+M+syprvivUswsFxi6uD1WUfxpxyF7mivs/4H+KLDVvAkSGEIEhTDFg2fmfnpRX2uDzHmoJ3PHrUbVCvcQA4wKjIZRgD86dJM2c9h6UwyluRXuc6POeg09eamRYpAhI5BqLDHnH602ViEBQ8hu3em5tQuiErmrYERaishGQG/xFfO37cvjwRaAmkICwmZUdTGDkNHKD/FX0HFeLp9qbi4PIZQc+5/+vXyP+0j4kstd8YK5TcgEYUCRvvcjP6183nda1JHrYKKi9TwLSPGeo+AtVs38PWX2c3O9n2owwQmAflYdjivSvC1zqOuavBqbxh3kmQE4PPzL6k/zNcfq1taax4qt7ae1CY84KXcH+DP9K9d+CHh+ISRSPCGAuBtHb7yivmKsYywz01PSp4n98ovY+jfhM19pPh6LT7cBFZFVgV6Y3H+tFXtD1GPTbKJTG2ShP8AL/P40Vtg8RyUEmycRGHtWaJuAr/L3602aeOMb2PU1S88+bgHNTiI30JCDkdq+9qQtsfPpX3Ldjtny2TtFTrAiakESPKlR36Gs6zeG3l8lmUHOGBJ9cV1NtZ2kcS/Z1EkjdQpyeuO1XCtGdNpkyfI9Buq6ZFJoE0j7s7UPB77hXxz4z8I/wBqePxZSQkgsjAlB/e/3a+0PGN3pHhnwdLf6xKkJCIcyNt/jA718rad418PeJPGYXSGSWTzVBaGXJxvX0z/AJNfA8S4qOHkrSPZy6jUqO7R5Xrvgr+wvirYpPEEjaWfnHbYf9mvQ/B++y1i3tLCNMCRXbA6/OtaPxl8HSXN3Y6vb2jeaElIYqc8lR6im+DNJj0SwbxHq8mMBkGePmBDAdT2B/KvGxGc0nl11uepTwTnio6aHqd9r2m6VbW6XM7BmViQhBxzRXm+na9omsX891ql4jQqR5QZyBjFFfFPPMTF2R7U8rpOVz2iOIOC6j0/KrFhKlvcGFM4I5JGKgXUxZ2ZMT5OVXHtWpYWMep3KxzgkMAOT74r+haM2vjPz5yv8KKNz4Xl1K8WbTriTLKScyADdnpV7/hO/DngCR28SXgkeKPcqkiT/aAwT3BqPxBqGg/DbQ7zV7q4jjkWZTFmTB5bb3J/venavhD4iePtW8R67JrvijX43VcFQwCnAXAGR14B5x2r5bifO4YHDv2b1PcyfK1iXeaPV/2x/wBu7TNZaXwL4VJikYsFMEMkWRG6sclZPQHtXO/sseFfEPhvUR4h8XNFKJGIHmy+Yc+ZGw4c+ma+b/GcPijXdU/4SLw5od1NFEWG5I9wKuBj064Ir1T4e/H3xzr+kfZ7mOeMQxtgSRxjDA49M9q/FcdnNXGu9Rn3GHy2lRjsfQ/xj+LGjQ6pBY2tjCwy6rstcj7yns3FMWz1LxD4cFtNaJHaMxcvH8pzsI6dvvGvJfC19qfi3WDqOr20hjt2+9gY5yM8Zr02T496Xp2i/wBlqqpGiFVUMoy2CMZIz2rzXmk6kFSg7m31BQXO0Vtd+G9sPDcdppt1IrQYBYuAW569aKk0ODxf4/tv7R0+GVLc4O7y1YHOfp6UV9Tg8hxuIw6n3PLrYmMalrnqzXiQTrbzyYBbnPrx/jV5vin4d8H276nqlzhUG5cIW4A3dvrXNfGvWbnRPDVxa6ZaStc+agAVATkNjGOvavki4+GPxj8bCZ7+znWFoiD5mmYHIA6gHPT1P1r9hznGVqMPZ0j4vCUafNdnW/ts/ttwX1x/YfhK6ZkJ/eH96n3ZuP4sdF/Wvm618Sa34ruo0e7lkiLfOzyv0/E/Xv3rvZv2NfEdtqh1mS1klZmY/u7WQcH8a3Lf9k/xf4iuI44NHuU+fBLWkuCPqDz9a/Mc0weLx2krn1uX16GHWguk6lpcPhePQdFt45J2hRZi8I+8pJHOTnpXSaB4Et8JFpNqiY+dlCgAivUfhD+yH/wj2kq+q2rCVFBH7uUchSO5rv8AR/2erlIJGit3JAODtl7/AI183W4dxUqfJFHsrMqPLueSXktl4Y8OnTogFldRuZUxnHuK858XaTqA0+G4sdzD7ercnrlW9R619Dz/ALPGuavqrW8tnJtLFQRbyHqevJrrvBH7KcEF+n9sx+XAE8zLpInzBkHUfU0ZPwpiqWYwnU2RzYzOI/VZQizI/Z11SYfCdIbyyhS4jt4gxUHLHzGyf1or3KL4Z6NpWlLpek3Ma4UBj5jHIBz6g0V+9YOnQo4dRPhKlSrKd7iaz4L8G6tqB1K+s4pEJJZTaLjnp2qonw18DWNgIBotqgfILCyTJz3+7RRXn1v3kveMoNx2Ej+FvggMoFlA6+jWyAD9K19J+Hfgi0xcR6RaKB2W0Qn/ANBoormqU4dipVai6m1H4c8KXCH7PaoNvUfZlHp/s+1QNDpemsVigjAx0CgfpRRV06cOxHt6vcr2baalw9wIIwQdwJQUlz4psYNwlhQhVyfkzRRXUoQVPRA61RqzZnp4xtbtfPtYFHbmPFFFFSm0tBXZ/9k=\", \"/9j/4AAQSkZJRgABAQAAAQABAAD/2wBDAAIBAQEBAQIBAQECAgICAgQDAgICAgUEBAMEBgUGBgYFBgYGBwkIBgcJBwYGCAsICQoKCgoKBggLDAsKDAkKCgr/2wBDAQICAgICAgUDAwUKBwYHCgoKCgoKCgoKCgoKCgoKCgoKCgoKCgoKCgoKCgoKCgoKCgoKCgoKCgoKCgoKCgoKCgr/wAARCABTAGIDASIAAhEBAxEB/8QAHwAAAQUBAQEBAQEAAAAAAAAAAAECAwQFBgcICQoL/8QAtRAAAgEDAwIEAwUFBAQAAAF9AQIDAAQRBRIhMUEGE1FhByJxFDKBkaEII0KxwRVS0fAkM2JyggkKFhcYGRolJicoKSo0NTY3ODk6Q0RFRkdISUpTVFVWV1hZWmNkZWZnaGlqc3R1dnd4eXqDhIWGh4iJipKTlJWWl5iZmqKjpKWmp6ipqrKztLW2t7i5usLDxMXGx8jJytLT1NXW19jZ2uHi4+Tl5ufo6erx8vP09fb3+Pn6/8QAHwEAAwEBAQEBAQEBAQAAAAAAAAECAwQFBgcICQoL/8QAtREAAgECBAQDBAcFBAQAAQJ3AAECAxEEBSExBhJBUQdhcRMiMoEIFEKRobHBCSMzUvAVYnLRChYkNOEl8RcYGRomJygpKjU2Nzg5OkNERUZHSElKU1RVVldYWVpjZGVmZ2hpanN0dXZ3eHl6goOEhYaHiImKkpOUlZaXmJmaoqOkpaanqKmqsrO0tba3uLm6wsPExcbHyMnK0tPU1dbX2Nna4uPk5ebn6Onq8vP09fb3+Pn6/9oADAMBAAIRAxEAPwD03TxPqF0qRW2U5wePQ+pFdrd2Xh3wT4fn8Q6s6R+TE7ktAxyRluqg+lQeDdFtLV1VBklSTk84ry79qb9o22+G9/Fp1zESpch1+zpjaYw3UsM9TX12Y4yOCouT6Hi4alLETSRqWP7eWj3er3XhfQP3jQyPGCk0y/dU56qAOR/KvBPif/wUl+Jlr4mOiCOWKE7C0g1J/kyoJOAnPbjNbOqR2Xxh8Nxa34VW2F5colwQgwwZyrHIQHAwCOnf3rrfhB/wTMj1bGr/ABAnRfLXduju5ELAEYGXh5OM8e1fiOd8c4uM5QpRuj7rLsjhGKlNnn+n/EnSvHmkp4t1TxNL9qkjRsvEz53nBOdtN+H/AO0toHh3xVBpeoeJiuZYxlopRyXX0U+letfFT9hzwB4a8OTp4cfUfMG3YPtxIB832QcY/nXyv8Tf2RPHnha/HinQW3tCRtWVpmPy7iM4T2FfmGYYjDZxV/fqzZ9fQpLCwvA+wLH9obw3f6pDYWOp/aSxbIaKUA/Lnuor0HW/Eng86AupX+oiBnXcIxAz8FcDoK/MnXm+L93bRJdwrG8WUJht5VYngcEjr1rrfh5pPiHx3ato+vazd2sqA7Rc3UkQJBVAOnI+bOPavOw3DOBc27jq4/ExWx9b6R8X7CDxS1vpIVmEuEx5g3nac/w16V4a+PelXqto3iKAWxKsAzCWQ9Aq8BT618beBPA3jf4Qa1Lrc9/bXkEEoMewySkrjaT90f3h3r6I8B+PPB3iXTlt/FGyC4DDax8qP5hwOrZPJHFerheGKFWfLA8qvmVVJtnt7+A9C8QeH31zSZ1u1ZdysYcEAtgcHH909qpQfDvTtOsFf+z1VzKM4jGffvTfCWr2eiaI4tr/AM61I5KyK2AGPTnHU1buPFGn+JPD1zPYEM8MhzgqTkLnoD719rheAqrw54+Kz7khYpf8IjK3zIseD0+Uf40V54PGmtRgR4m+XjpRXrLgapbqeX/rAegaKkVsy3SEYEbA5PXivhT/AIKCLrmoeMUuIrBXjeWL+JeP3QBxzX3Vpt0LO3HlsCQvc1wHx/8Aht4SvNAbxPrkLOUDOACP4UHqPav0/iedZYCXJvY8TJZQjiY82x4J+wV4L8U3EsNzqskiW6LiNWKMMeSdoHXHPevu+/8AiBPZ6NLE6OrRxvsIkbLcHjj2Ir5C8H/EUWzWugeDdLmSJIcFxAMkhTzuX6D8zX0zDd2F3aJb3qFGYDKyIByRjqT7V/OmLvCs5TXU/TZQU4LkOT8R/HPwZBFcx+JL9C6S48uRJGI+YZ/gqpZeLvh38RQba3gimTLHYBLjsvQgeteD/te/AHxD4ouLzVPC+rmF3lLeX9scLkuvZVNcl+zD8F/jbpvi2LT9UvIWhJT5vtE3eVM9U9BXgVoU6tW8HZnbTk6FG8j6fs/2aPh74g1VrpNFt3AY+YBbHAygI5JHf3rg/wBoH9kmHQtHHiXwRpiQeVgyGKJOdsUjH78h7gdK+r/hL8FJtO8O/wDEx1KBJXRS26cjJG4dSvoBWb8U/BlzYeFLvTBfRSIxfH7/AD1Rh6V6tHLcSqfNdmCzKEnytHwBpupeLfEEaeGFSVvs4CzBmGCTlhx0/h9ayv2iV8ReDtJtPEegoVaKSPzNrovSNmPXIzla9v0f4aR6f42l+y2kzvLKclBuH3G/2Pc16D4k/Z50vxp4Ils2tSXZTuRiAc7CP7nvXRgMbUwWMSSvYzxFKhXgeE/softWReN/DcXhPxNcMk4WNXDyux5aRs/KgHb1r3T4cXy6FctazT+ZHcF5Gzj+MKPXPY44r5T8QfsZ/En4Y+Mo/Ffh+JFs4pi7IxnYkADHCxgfxmvpv4eCS+8IW9xdrOLiEJE+9AOFRfx6mv3rhfN3j4JVI2PznPKXsZ+6zvfsPh1ufs0XPsaKyVv7fAyo6UV9x/s/Y+ZvPuaHh4QiQJIhbBPb2rO/aF0iLUfh5Nby8K0MwUYz1Qj+tWm8T2ehwobqIeYx52rkYzj1rzjXfidrXj67/wCEd+zx+SO4BHJA4+8a8/NFGWHatc78DKVOomzJ+BsXhvQCZX01SFYgsJCDymM8fU16f4o8Qtr2qR3mkah5cayBmjEWcj6kepryD4m+GvE/hfw/G+gwxb2SMtgMOd+D+lM+C5v7+BZtVnuvPjy2CTtO1lI/nX87cT4WphakpuOjP07LsU50lqdd4t+I2iaZdPZ6nqCxs8jAqzMDwR6CtvwX8S4LG5h1DTbTdmQYZLjg4I56e1cl8RvhsmuQt4nu7iRFVyxRLjHLMvGMdKwtF1LUvDzW+mOttIGnTbuTcwBI6V+dxUoVfaN2R9Bywr0bI9vj/a1U+Lxpd/rf2SGOUrICSexPaP8ArXdeJ/i38G/HOkiw0fx1DJeGPc6C0ck5Uj+LA6ke9eDxfD3T/Fssl7Kpikl5YxMq849wa4PWPhTe/CvxLH4it9UuZIiFUpLclhwd/RVX+7619phM6WJocqjofPV6SpTeh7h4f0g23i17myhWdUkJB8sDPyEZxxxmvTNe134dfDzRf7Q8S+IobeTZuEJhY53KxHKj/ZNeZ/DH4k6TqptriVF+QgyAQgk/ex1b2rxf/goB4C8a/Evw/Fr/AII1i7jaF4UMS3UiAhVmJ+VB1+apwsFUxPPy3BTcV7zE+P8A/wAFB7DUvFkfwl8OwidZ3kgR49RPJVI2PyNCfT1r1X4UwXVvoEMOoNsN4i3JQooxvVRwAfQelfEX7JH7MHjDxn47tdf8eJOktrKr7pncZLpKD/rEPotfbumWtvpmoQ6Sk0uILdYwpYY+XAHTA9e1funCuFlGgpyVj4zPnBz0Zsy+HgJWCy8BjjiirospSM+Z196K++VKB8ueX+PtZ/tPVv7Ks+CGYdc9GNdL8LPhfYabIupXwUu4H8BByGJ7fSsTTPB/2jxc99OGAZm5+p/+vXp9jbK0ZhSUjHKbT3rzMbUhh6bnJXSO3CRVeSjsZvjSx0d4lt5oAUQfxEjnOR6968ch8e6N4X1nybZQq7FxiQ9SMnqMelejfFvQfEEWnfabB88DO2U56j0rzif4WvJoE+rXW4TCKQqC5JJAJHb2r+cOLOJqWJxTpTg+W5+nZPkk50U4yNe88dy+KdKlt4CdpK4UMpzgg9MD0rjvDemeIdV8XwzXUD+RFKGJbH8LDH6VL4b0jUNO1K0SfJVoyWBBbkq3bj2r09tf8OaF4ckkMEKShGUsY1BwFBznPsa+FnPDY58tN2Po6dOpg9GrlXSfEK2/iRNMiZRh8Y69Ac/oK5b49fHnwzpejtouoyosjbTGTckHJRwONuK5bxJ49a514XekMpdXO5l4HYdQfrXD+NvgJ40+NniK0uo5544o3ilOy4ZRhScjkHsa+kymhSpzjRg07njY+onPmtY7/wDZX1DUNdN3rEs37h/IaJiAeCJM849a+iIooZdKEOrIssLy5Kt05/8Arfzrhfhh4M8PfB3wJF4Yv2AuPJWMyFlPKljknaP71dp4xCW/hiOezlLB3Xbz1+Qmv2PIOFIyaqSR8jmmbqMeSKJjo3hzR7Zbzw/ZRwrJ8x2Mx+6eOp965idxDqxlVQCTgNjk5OetaemXZXwpaea2WkjfkHkcjrVK7s9rrcbsjcOMV+oUaMKMFTirWPjquIqV5XkaP2y4HSUUVniRyMkGit+ZmJLBc7DnPfuKuWupPby74nOSOeazQCvpn0p3mmEbgM9qxlRpV48tRaE06s4/Dozd1DVHurVVkGenTAzyKluLKyudEl3sgJR8BmzjPHGKw1vBPAEc9+grVsBLJbAKOOeD0NfF5/wDk2Ppc9NLmZ9XlnEuMwMFG+hyWpeCRPZrc21wBKckYjJxz7muR8b/AAyvNV0N4r27ABVhymOSpHr1wTXsul+H9YvLpUhsoTGCOTk8YJ6U/W/Amp6swtFtIlzj7rBf51+P5p4W4nCXnQb1PrcDxdSr29ofLfw28NW3hvxS1jfIrx+aRneV42seo+tfSukTWGnaPGNLIQyDBIYtgYHHJqjd/BPR/C8o1S+GZjuLKSrDGMenvVjSNOh1HVhawNsjADKvTnKivm8Hw9nmR5lGcotq6PbxmaZVjcK7WTsc18WtNnvdFS6nZtzKdzdOrqOPfFbfhjUYPG3gsWgcE23GB22oB/WrvxR06BdHktI1DbE6hs4+YVwXwAuL/T/7QtZmbDzTKpb6qP5V/T+SSrLBQqyXTY/J8dd1ny6o6qztVgsBEq/w9PSpsKINo9OSaFYpKbZm6HGD1prDaxRvWveU3NXaPKm4t6ERfk/Iv5UU/wAhPU0UGZEFG7OKV/4vpRRSjsRESNV8onHOa0dMuZ0XCykYBoorGlsVE7jwfr+rwWh8q7x0/wCWa/3T7VFN4m1tbxXF7kmRQcxKfX2oorSrGLpq6NKTabOU8Va5qt9qzx3V2WUbuNoHcegqlZTzW9158MhVxgBgfcUUV4GZU6bqRukduGlLXUPFDvcIRMxbefm9/mFYvg+wtLGWaW0gCMbiTJBP94UUV7eGSWDSRzNu5rXfN4H7kcmo0JJJJ/ioorqfwI5F8bJKKKKg0P/Z\"], \"detection_predictions\": {\"image\": {\"width\": 830, \"height\": 556}, \"predictions\": [{\"x\": 623.0, \"y\": 61.0, \"class\": \"Jentik-Nyamuk\", \"width\": 90.0, \"height\": 100.0, \"class_id\": 0, \"parent_id\": \"image\", \"confidence\": 0.6158986687660217, \"detection_id\": \"bce5806f-5915-4dd7-8aff-026fa14ec69d\"}, {\"x\": 306.5, \"y\": 56.0, \"class\": \"Jentik-Nyamuk\", \"width\": 71.0, \"height\": 104.0, \"class_id\": 0, \"parent_id\": \"image\", \"confidence\": 0.5790151357650757, \"detection_id\": \"575e5c5d-470d-4ab0-b502-a811ad0d8f53\"}, {\"x\": 516.0, \"y\": 454.5, \"class\": \"Jentik-Nyamuk\", \"width\": 98.0, \"height\": 83.0, \"class_id\": 0, \"parent_id\": \"image\", \"confidence\": 0.47617048025131226, \"detection_id\": \"a4e1df25-4971-483a-89ce-c0bf4842cb63\"}]}, \"bounding_box_visualization\": [\"/9j/4AAQSkZJRgABAQAAAQABAAD/2wBDAAIBAQEBAQIBAQECAgICAgQDAgICAgUEBAMEBgUGBgYFBgYGBwkIBgcJBwYGCAsICQoKCgoKBggLDAsKDAkKCgr/2wBDAQICAgICAgUDAwUKBwYHCgoKCgoKCgoKCgoKCgoKCgoKCgoKCgoKCgoKCgoKCgoKCgoKCgoKCgoKCgoKCgoKCgr/wAARCABkAFoDASIAAhEBAxEB/8QAHwAAAQUBAQEBAQEAAAAAAAAAAAECAwQFBgcICQoL/8QAtRAAAgEDAwIEAwUFBAQAAAF9AQIDAAQRBRIhMUEGE1FhByJxFDKBkaEII0KxwRVS0fAkM2JyggkKFhcYGRolJicoKSo0NTY3ODk6Q0RFRkdISUpTVFVWV1hZWmNkZWZnaGlqc3R1dnd4eXqDhIWGh4iJipKTlJWWl5iZmqKjpKWmp6ipqrKztLW2t7i5usLDxMXGx8jJytLT1NXW19jZ2uHi4+Tl5ufo6erx8vP09fb3+Pn6/8QAHwEAAwEBAQEBAQEBAQAAAAAAAAECAwQFBgcICQoL/8QAtREAAgECBAQDBAcFBAQAAQJ3AAECAxEEBSExBhJBUQdhcRMiMoEIFEKRobHBCSMzUvAVYnLRChYkNOEl8RcYGRomJygpKjU2Nzg5OkNERUZHSElKU1RVVldYWVpjZGVmZ2hpanN0dXZ3eHl6goOEhYaHiImKkpOUlZaXmJmaoqOkpaanqKmqsrO0tba3uLm6wsPExcbHyMnK0tPU1dbX2Nna4uPk5ebn6Onq8vP09fb3+Pn6/9oADAMBAAIRAxEAPwD2z4L/AAY+Gviz4b6br/iDw39ou7jzvOl+2TJu2zOo4VwBwAOB2rqv+GdPg3/0J3/lQuP/AI5Tf2dP+SP6P/28f+lEtd3Guee9fsPEvEvEeH4jxtOljasYxq1Ekqk0klNpJJOySWyRpmuaZpTzSvCFeaSnJJKUrJcz8zhH/Z3+DanJ8Hcf9hC4/wDjlH/DPHwaYEr4P/8AKhcf/HK7eRRzkdKauCdoUc8V4a4s4nen16t/4Nn/APJHE82zZRv9Yn/4HL/M47/hnD4PmeO3TweGLru3DUbjA9j+8qHxL+z58GfDuiSavL4OMiRRNIxj1GcnaBk4zKK9AjmSzImnO5kX5T6VzvxM+KHgzTPCOoeGdYmjWWSykii3xOeXXI6L7in/AK18UQjeWOrf+DZ//JGcM6zWTt9Yn/4HL/M8c0GT9nHV9Wl0keET5kUjoytqMwOVznpN7V6an7OHweljEieCsKx4J1G54xj/AKae9fAviDxh4v0H4warfaLNM1m+o3Rt1DBBsZpAOMZ6YNfUHgv/AIKH+CLbRf7K8QTRi6VWwrvNnPAH3YyOhHevJfHXFEU746tv/wA/Z/8AyR6EcZnDhzfWKn/gcv8AM9af9m34QxBy/ghvlOP+P+559D/rOlRj9nT4NmXy/wDhERwoznUbjr/38rJ+DX7VNt8XdaFhb2w8pjhSJXOQELdCoz0r1ifTgB58Z5Zd23aK9KnxhxNUgpfXq3/g2f8A8kcdTNc4hK31if8A4HL/ADPO4v2ePg5Lvx4LI2Ngk6hcc/T95Xzn430+y0nxpq+laZD5dtbapcRW8e4naiyMFGSSTwByea+tvFOuR+GrLdI+HfDH/voD+tfJfjx/M8cazJnO7Vrg5/7atX7H4R5xm2ZZjiY4vETqpQTSnOUra9Lt2PsuC8bjcViqqrVZSSS3k3182fRX7On/ACR/R/8At4/9KJa7tfu8GuB/Z4z/AMKg0fH/AE8f+lEldwruor8h4pjzcUY//r9V/wDS5Hxecf8AI2xH+Of/AKUx0hwCD1p0EXmOqetRgF3BPrV23tXkwqNg9M4r5yMVTqXZwcrcUi9Y2MTTKk0W8EdBjJ/Ovnz9uG10jRdBk8SwTMkixMxQuoPEO4dMV9G2xt9NtxqUt5jy8Jnbjr0r40/bm+IdtNPJplzpqzpINu5pjjmEdttePnmPVKm1A9DCZeqj5jyDwOtj43Rr6xtmlxKu9lCu2SuT/e7VJ8NPgj4W8b/E2zsp9RCM11AJEF1s4LqDxtFP+BXjvwR4RtpbSJYlM8pZ4Tk4IUjH3a9d+CHw+8PWvjWDxRb6ahxNGCULc7ZFJ6kDqPT8q+JpY2o1770bPaUVTp8p9PfCz4C+B/hf4et7rT7eR5VhXpMGBONpP3cnr61s3l1GrSXqjCJFuO5egHPX8K2tJu2Oj2ZFoQkcKhh5nH5AVwvxd8d2Hh/QmsrK0BkuSYj+8OfmQnv9a/ScthCeDUrng4yPvXSON1u8k8Y+NRYRktDEzqSDwOrfzWvn74gxeR491yAfwaxcr+UrV9G/CfQxFBc+INRvBEXk3kGLPXcAMkHtXzp8SJI5viJr0sX3W1q6K/QzNX7p4K/8jTF/4I/+lH1vAd/rVa/8q/M+if2dUH/CmtGf/r4/9KJa7ULvO3FcP+zxKy/BvRxjgfaP/SiSu1F0sjAKxHv6V+U8WTa4qx6/6fVf/Tkj5fN4/wDCviP8c/8A0pk0UYLDPT29fSr9sGU8KSMjIXrWajl5QUPT5SvqfWtu0t7iGLYqEyKpIYd+K8CrNKGhyxUbEHi+6sU8KSIpkWUSLxuxnBwa+JP2jr+31vxHJZNCr+QsbEsuesa19Z/E3UibZ7Z70RyI3KY6nca+K/iBNqGveJry8ikaIeXFwTndhB+VfL4tKriOSTPQwtaVI828B2Vta+LbuWe1naJ7mRlAXjox4r7Z+DtrZXWmx3EdqIwrnBZQD97PrXy1ommNDqETmyLl1JZc45wfSvqPw3JLZeGwlmfs+d+cr7DufrXzfEEqOCoJRPaw0HiLs9Tf4laZoekfYJr+PzHVNpLrwP8AvqvJUuo/HXjZIZ9ahZLV45zGLhQQoKg9z2Nc14t0jWtQmLG9dlOQDtHqAP51wnw28D+NNP8AHq6u2rSLA7Ik2LdfmjEiZGc+lVkXEUqcFGRjicve59H63dTyGDw/o0Mnlv8AfmQEgEc/eHHPNfN3jqJofG2swvnKarcKc+olavsDwvHpA8NwTJYqJBEolYH7xycH8q+RvicUPxK8QmNdq/25d7R6Dznr+s/ArFQxWY4qUf5I/wDpR6/BkXDH1l/dX5nuvwCvwnwo0m2x08/n/tvIa7q1QSLhDy3Arzv4Gog+FelSDr+/6f8AXeSu20+5uWmWKMMOeDivzXiym5cVY/8A6/Vf/S5Hymb8qzWvf+eX/pTN+xa1glWWXlQuG/3s4rpNLVrq/gXywMOC6kjkfjXJ6Vpj6teLG92saAHzC6cBvX+tV/G/7Qfw38A6fqXhiPxHbNqMFuDBM02DuOWX5SpzwRXyONxVDARftJHFh8FXxVX3Njy39pz4reGY/FU/hzSNRAvbZ5IpQHXG9JGVs4P5V47qXg261GwW8SMCTzCHO3gjGB2PpXknjrTvFvxO+NWq+KPC+qM7HUbpw0caHcGmkYnt2Ir6hvrZvDHhoXV828xCVpCUK9GbuAR6d+9fmeP4joVMdywZ9OspqUaSckeaaToi+HL+O51SFW4zjaDwRj+6PX1rp9S+MdrHYLFBCyqo5/dY6qR2J7gVxGr/ABf0nxR4jfQk0gAxs0TOLokZGewHtXW2vwz0e/0wxRyqu5X+ZUZiOF/+Kr5fPcwljJxhTd2etgsP7GF2eoeBNR0TxR4He+mhYyjygNycZPXrWX4LsJG1IwiEbVJx8o/vD/CpfhTN4Y8NW0fhy4vInlwFUF2DMVU5OK9Q0rSfDkGXjVYy2MHc31717uTZNialBSOHFYuk00XdFH9l6YllJyDEB+PWvkv4kNu+Imvt661dH/yM1fXU3ksoTzwdo4r5F+I+B8Q9eA/6DV1/6Oav7C+j5QqUMdi4z/kj/wClHVwdNTx1b/CvzPcPgOhPws0pj93M/JH/AE3kr0CxsEvCjR7lYEbQvGTXGfAFrVPg9pLy7c5uM88/8fElemadb2Wn2I1a+jCLCd0ZaXAYjH+P6V8XxbyR4lx7b/5fVf8A0uR8fnMZ1M1rpfzy/wDSmeP/ALV3xL1X4TeCQfCc4F9cNDnfIwxu3K33WU9j3Hbr0r5B8beJfF1n4Cn8deJL95NRuYZCkclw7pmMYGQxLfdA6Gvd/wBpzx7Zaz8QkjtZt6JA37pWII2yuDgjnPNfKv7SnxTuNa8QWPhiK6xA1xsKEqcbok9Vz/FX82cYZjiMTmHsab0R9lw9QjSoc0kd1+y58WfDnh+6fXfHlmip5jrughJzuQc/Mw74r334i/FjQp7CRPDqi4S4Dqv2qAgA4x/C/sK+AZ/FV7rN6vgvS1YJncWVR1Q89APSvo3wvJqhsYLe6yyq5ILLx1Hcn3r89rYKth8T7Vu59O1RxPunp3w+8N+DEuJPEep6aqzTs0hIgXG5hjvz1z3rNtfF2oeLNbbT9HuQkLIAqiQr1IXt9Kp3vxC0iy0OPS7W5WS52oBCj88E5/ka5/8AZ30jXdQ8SCa5spQfkJjKHgeYvf8AGva4Ww9fMc0tKOh5+YU4UMM+Vnv/AMEfAAn1lNa1KaaQITgEggAqcZzzXtN59m8xRFAAAByUGOBXMeBtFOlaTFLHZ+Udibgc8/Kfb2rYW/nm3JINqg4VjX9HYHBUsLSjFI/Lqtecqz9Sa6u3dwEQBR1IWvlD4hHPj/XD/wBRi5/9GtX1KZJYlMLyZ39OK+WfiB/yPmt/9he5/wDRrV+9eCqSzXF2/kj/AOlH2fBC/wBsrf4V+Z7R8IrsaR8INL1GZm8vbOzDBII8+XsP9014T+0n+198TodSl8FeCUKI5KK0c1wjLlEbgrIAOrDpX25+zv8Asvan8Tv2NvCfiPSJlMt+b3MYt3ckJf3MZ6Nz0qHwv/wT48ZaTdyXtxbS+aCGkBtJcZ/Fsda/GuOoTrcRZhGMrfvqq/8AJ5HhZhP2Wa15Nfbl/wClM/NHwrY/GITyeL/GscVwkqOxNxdySMA2GONxz1xXOWXwN8TftA+OrZPCts4mFzG224dYV6AHG7Ofuiv120T9hqSR5b/xhExgLlFhImQlTnuHGO3eubj/AGPPiT4M8Vyv8JtGubC0d4+TZPchgoHOZA2PmBPWvzqjwnhqs3VnPU6aeZTlC0XY/Ojwt+xff/DvW7i68Wxg3UE7xuI5EkHocfKO6tXrHgXwDfeMpf7A07TY12BVicRhTljjJIB7ivu3S/2GPFevXf8Aafj+ymmkdWLyvbSxAliWJO1lGck/pXoNn/wTm0DwfZfaPD13Cs6FtoCzvnD7hkFyDzXi4rhWEsTdu6N6GcTw/wAR+UF3+zD8Qrf4nyCdmeFZptitOOg3YwpXB619WfCz4E6N4WtGvZLSPz9h6rHngqf4VB/WvsfS/wBjS8a3juL24Xfg7/8AR5AOTk8bvWrw/ZH1VWBTUkCk8j7PJ+P8dfT5Rk2By9KUVqedjczr4lPl2PmZrOG3swjRhcD5VCH/ABqmbTzdPMscOTk87MV9Z3P7ITXOmPHcX0Zkx8gEUvr6bq5K7/ZT8W6XA0FnkpuPK2z/ANTX0f1yCsrnhKjXcrtnzb9lYKkxb5wvCk18r/ELP/Cf65n/AKDFz/6Nav04u/2RPEeo6HtklYswXjyH/vD3r81/jdoknhn40eL/AA3L97T/ABRqFs3GOY7mRe/0r908EKsamaYu38kf/Sj73giMliqt/wCVfmex/An/AIKbfHX9n34U6T8H/CHgvwbeaZo3n/ZZ9W066knbzZ5J23MlyinDSMBhRwB1PJ60/wDBZj9phpfNb4b/AA8JPUf2Pe8/+TlFFbZ3lWWVM5xMp0INupNtuMbt8z1eh6OMw2HliZtwV+Z9F3Kt7/wWC/aMv3L3Pw1+HrAtnYdIvCoP0N3Utt/wWM/aStEKQfDb4eLkcEaPeAj6Yu6KK8t5PlC/5h6f/gEf8jkWFwy+wvuRJ/w+Z/adKbG+H/w/OOhOk3pP/pXT2/4LQ/tTM+5vBHgPGeV/su9AP/k5RRTWT5Ry/wC70/8AwCP+RUsLhrL3F9yHv/wWm/alcnPgLwDz2GmX3/yZUTf8Fm/2pGcP/wAIT4EGD0Gm3uP/AEsooojk+UX/AN3p/wDgEf8AIlYXC2+BfciZv+C1P7UrKAfAPgDI6MNLvs/+llIf+C037UjLtbwF4BIz30y+/wDkyiil/Y+UW/3en/4BH/IbwuFt8C+5CD/gtF+1EMD/AIQHwDgdv7Mvv/kyvlv4g+NdU+JPj7XPiLrlvbxXuv6xc6leRWissSSzytK6oGZiFDMQASTjGSetFFfo3h3gsFhcbXdGlGDcVe0Uuvkj2cio0qdabhFLRbKx/9k=\", \"/9j/4AAQSkZJRgABAQAAAQABAAD/2wBDAAIBAQEBAQIBAQECAgICAgQDAgICAgUEBAMEBgUGBgYFBgYGBwkIBgcJBwYGCAsICQoKCgoKBggLDAsKDAkKCgr/2wBDAQICAgICAgUDAwUKBwYHCgoKCgoKCgoKCgoKCgoKCgoKCgoKCgoKCgoKCgoKCgoKCgoKCgoKCgoKCgoKCgoKCgr/wAARCABoAEcDASIAAhEBAxEB/8QAHwAAAQUBAQEBAQEAAAAAAAAAAAECAwQFBgcICQoL/8QAtRAAAgEDAwIEAwUFBAQAAAF9AQIDAAQRBRIhMUEGE1FhByJxFDKBkaEII0KxwRVS0fAkM2JyggkKFhcYGRolJicoKSo0NTY3ODk6Q0RFRkdISUpTVFVWV1hZWmNkZWZnaGlqc3R1dnd4eXqDhIWGh4iJipKTlJWWl5iZmqKjpKWmp6ipqrKztLW2t7i5usLDxMXGx8jJytLT1NXW19jZ2uHi4+Tl5ufo6erx8vP09fb3+Pn6/8QAHwEAAwEBAQEBAQEBAQAAAAAAAAECAwQFBgcICQoL/8QAtREAAgECBAQDBAcFBAQAAQJ3AAECAxEEBSExBhJBUQdhcRMiMoEIFEKRobHBCSMzUvAVYnLRChYkNOEl8RcYGRomJygpKjU2Nzg5OkNERUZHSElKU1RVVldYWVpjZGVmZ2hpanN0dXZ3eHl6goOEhYaHiImKkpOUlZaXmJmaoqOkpaanqKmqsrO0tba3uLm6wsPExcbHyMnK0tPU1dbX2Nna4uPk5ebn6Onq8vP09fb3+Pn6/9oADAMBAAIRAxEAPwD2f4O/B74ceKfhxp2va/4b+0Xdx53my/a5l3bZnUcK4A4AHTtXUj9nv4PkZ/4RD/yoXH/xyov2fPOb4S6QqLkfv/8A0okruASvDjHvX7DxLxLxHQ4jxtKljasYxq1Ekqk0klNpJJOySWyOnNMzzKnmVeMa80lOSSUpWS5n5nHJ+zz8HWXP/CH/APlQuP8A45S/8M7fB3/oUP8AyoXH/wAcrs0KhOD06e9EZJBftXiPivij/oOrf+DZ/wDyR5dXN84itMRP/wADl/mcW/7O3wg2ZTwgf/A+4/8AjlQj9nv4QuUi/wCEW2s0oBP2+46f99130cpKHvTrUWEiyG9ujBiMiNim7L54HHTin/rZxP8A9B1b/wAGz/8AkgpZxm03b6xP/wADl/mcBq/we/Zr8ONHaaxosazvkY/tiUenbzfetKD9nL4Gainn6Z4SWRfK3DGqXDZ49pPevjP9uz4+eI/DXxmt/Dmg30jqs10n7tyuSAhHVfTPevpz9k39oj4feIdIXS73xaj6nHas81q8MhIX90CdwXB5OOK8+XHPEcavL9frf+DZ/wDyR3rG5vKF1Xn/AOBy/wAxvxt+C3w48G/DvU9b0Pwx9mu7fyfJm+1zNt3TIp4ZyOhI5Heiug/aK+IHhDxD8KNX0/TNWV7hvs+yLyXG7E8ZPJA7Civ6T8I8yx2acN1a2KrSqyVWSTnJyduSm7XbbtdvTzZ97wfXxVfLZyrzcmptXbbduWPcn/Z1AX4O6Q+OSbj/ANKJK7OUs56CuJ/Z8fZ8G9H/AO3j/wBKJa7SOXIBIxX8+cVf8lRjv+v1X/0uR+c5v/yNMR/jl/6UxPKUnlsU9FH3AeOn1pkiktkP17UK+1wjDrXh02oyuzy567lmFY8+Xt61xvxv8Na6fDM2v6TeLB9lRpeZimdkZboPXbXa2SO14kQGckD9K4T9rjxVceFvhNfvBc+S5tpgTjPH2eX/AB/SvIzLEOjdo6MDQbnc+N/EHgjSPEniGbx3rU6Xl5AXJijkR/mkUryGUnpz+FeXa/oPjBfiA1x8O9QMDy26RNG8joApkGQBH2yF/Kur/ZSuvF3xD+LuoRahJNcabJfD95hCu3ypWAIGCO1dlpPgSfwf8Zzdw3bTwLADt8rbhvORgM7j2H61+d1cXXWM5r6H00aKjT2Lfwv+Bfxf0TwRefELxtfB7WAQ5UXE7Z3sydJFA67e9FfVnjvxLaa1+yRrMMdvsKw2W0l8k/6YnPTjiiv7d8Aq/wBY4Lqy/wCn8v8A03SPseFYcmAmv77/APSYkn7PUQf4NaMf+vj/ANKJa7MhlGAPzri/2eZGX4OaP6D7R/6US12ZlLcivxLiyaXFOP8A+v1X/wBLkfmub6ZriP8AHL/0pjT15qZFikCEjkGosMecfrTZWIQFDyG7d68FzahdHmJXNWwIi1FZCMgN/iK+dv25fHgi0BNIQFhMyo6mMHIaOUH+KvoOK8XT7U3FweQyg59z/wDXr5H/AGkfEllrvjBXKbkAjCgSN97kZ/Wvm87rWpI9bBRUXqeBaR4z1HwFqtm/h6y+zm53s+1GGCEwD8rDscV6V4WudR1zV4NTeMO8kyAnB5+ZfUn+Zrj9WtrTWPFVvbT2oTHnBS7g/wAGf6V678EPD8QkikeEMBcDaO33lFfMVYxlhnpqelTxP75Rex6t4zFzpn7PWp6aqYjZLVXXHTFyh/qKK0/jJcJD8FdStNhBdICPT/j4i/w/Wiv7H+jlK/A1f/sIn/6bpH3nDqSwc7fzP8omh+z5N5fwi0hR3+0Z/wDAiSuxmnjjG9j1NcF8BZivws0lfTz/AP0fJXbiI30JCDkdq/G+L424px7/AOn1X/05I/Mc1Sea4i/88v8A0plux2z5bJ2ip1gRNSCJHlSo79DWdZvDby+SzKDnDAk+uK6m2s7SOJfs6iSRuoU5PXHavChWjOm0zzZPkeg3VdMik0CaR92dqHg99wr458Z+Ef7U8fiykhJBZGBKD+9/u19oeMbvSPDPg6W/1iVISEQ5kbb/ABgd6+VtO8a+HvEnjMLpDJLJ5qgtDLk43r6Z/wAmvgeJcVHDyVpHs5dRqVHdo8r13wV/YXxVsUniCRtLPzjtsP8As16H4P32WsW9pYRpgSK7YHX51rR+Mvg6S5u7HV7e0bzQkpDFTnkqPUU3wZpMeiWDeI9XkxgMgzx8wIYDqewP5V42Izmk8uutz1KeCc8VHTQ67426jaR/DG5sDMTLKsZ2g5HEyH+Qorg/F+t2eueH9SnN2HIMf2YZPTeucfhmiv7C+i1ipYvw/wAVN9MVNf8AlKgffZTQjh8PKK6u/wCCPUvgHEH+FGluBkjz8/8Af+Su3sJUt7gwpnBHJIxXE/AbUjZfB7TDGfm3zAj6zyV6HYWMep3KxzgkMAOT74r8v4qnbizMOb/n/V/9OSPynNn/AMKldJfbl/6Uyjc+F5dSvFm064kyyknMgA3Z6Ve/4Tvw54AkdvEl4JHij3KpIk/2gME9waj8QahoPw20O81e6uI45FmUxZkweW29yf73p2r4Q+Inj7VvEeuya74o1+N1XBUMApwFwBkdeAecdq/NOJ87hgcO/ZvU7cnytYl3mj1f9sf9u7TNZaXwL4VJikYsFMEMkWRG6sclZPQHtXO/sseFfEPhvUR4h8XNFKJGIHmy+Yc+ZGw4c+ma+b/GcPijXdU/4SLw5od1NFEWG5I9wKuBj064Ir1T4e/H3xzr+kfZ7mOeMQxtgSRxjDA49M9q/FcdnNXGu9Rn3GHy2lRjsfQ/xj+LGjQ6pBY2tjCwy6rstcj7yns3FMWz1LxD4cFtNaJHaMxcvH8pzsI6dvvGvJfC19qfi3WDqOr20hjt2+9gY5yM8Zr02T496Xp2i/2WqqkaIVVQyjLYIxkjPavNeaTqQVKDubfUFBc7Rm+NPBNjo3gvz7Kdz9k2htzD58sBn9aKra7d+IvFHg268RGCRbFPLLkqMHdIAOR74or/AEU+irQq0PDrEKe7xM3/AOUqP+R35bNToyt3/RHofwXvY4fhzpUEr4UtN1Pfz3/xrt2+Kfh3wfbvqeqXOFQblwhbgDd2+teVadrtzpPwA0+LTLeSS4Z3K7EB/wCXiTjr7V88XHwx+MfjYTPf2c6wtEQfM0zA5AHUA56ep+tfiviLja9HifMIU/8An9V/9OSPzfE0abzWu5fzy/8ASmdb+2z+23BfXH9h+ErpmQn94f3qfdm4/ix0X9a+brXxJrfiu6jR7uWSIt87PK/T8T9e/eu9m/Y18R22qHWZLWSVmZj+7tZBwfxrct/2T/F/iK4jjg0e5T58EtaS4I+oPP1r8RzTB4vHaSue9l9ehh1oLpOpaXD4Xj0HRbeOSdoUWYvCPvKSRzk56V0mgeBLfCRaTaomPnZQoAIr1H4Q/sh/8I9pKvqtqwlRQR+7lHIUjua7/R/2erlIJGit3JAODtl7/jXzdbh3FSp8kUeysyo8u55JeS2Xhjw6dOiAWV1G5lTGce4rznxdpOoDT4bix3MPt6tyeuVb1HrX0PP+zxrmr6q1vLZybSxUEW8h6nrya67wR+ynBBfp/bMflwBPMy6SJ8wZB1H1NGT8KYqlmMJ1Nkc2MziP1WUIs8+8P38sv7LWoWl9ZxRzpb2gYqOSftS5PpRXsf7R3gXRvCvwA1iPSpk/dLahgHY7h9qi9T796K/0j8AacKXBdWMf+f8AL/03SNuF5yngJt/zv8onP/AW++DKfCbRI/GfizRIbuMXIubS8uoFkXNxKVyGORwQeexFddFffs6Wlh9nj8YeFhuyGK3lsScnqeTRRX55xPwRlOO4hxdapOd5VajdnG13NvT3TxMXltCWNqTu7uTfTv6CRyfs7qyj/hPfDLr3DX9qAP8Ax6tXS9Z/ZxsmEy+N/CaYP3Rf2uf50UV89Pw8yT+ep98f/kDB5dS/ml+H+Rsr4+/Z5lTEXxI8Mpjs2pWo9Pf2qIfFP4L2JItviL4bKkfw6vb/APxVFFVDw9yNfbn98f8A5An+zqf88vvX+RDafFf4Ox3DT/8ACwfDgIORnVYOf/H6Wf46/CiPKnx3oLgDPGpQnPt96iiuheH+SKGk5/fH/wCRB5bSas5S+9f5Hnn7RPxa8B+LPg3rGk6H4n0ue5m+ziO3gvI2kbbcRMcKGyeAT06A0UUV+/eFWUYbJeHqtCg206sn71m78kF0S7H1mQYeGGwcoxb+K+voj//Z\", \"/9j/4AAQSkZJRgABAQAAAQABAAD/2wBDAAIBAQEBAQIBAQECAgICAgQDAgICAgUEBAMEBgUGBgYFBgYGBwkIBgcJBwYGCAsICQoKCgoKBggLDAsKDAkKCgr/2wBDAQICAgICAgUDAwUKBwYHCgoKCgoKCgoKCgoKCgoKCgoKCgoKCgoKCgoKCgoKCgoKCgoKCgoKCgoKCgoKCgoKCgr/wAARCABTAGIDASIAAhEBAxEB/8QAHwAAAQUBAQEBAQEAAAAAAAAAAAECAwQFBgcICQoL/8QAtRAAAgEDAwIEAwUFBAQAAAF9AQIDAAQRBRIhMUEGE1FhByJxFDKBkaEII0KxwRVS0fAkM2JyggkKFhcYGRolJicoKSo0NTY3ODk6Q0RFRkdISUpTVFVWV1hZWmNkZWZnaGlqc3R1dnd4eXqDhIWGh4iJipKTlJWWl5iZmqKjpKWmp6ipqrKztLW2t7i5usLDxMXGx8jJytLT1NXW19jZ2uHi4+Tl5ufo6erx8vP09fb3+Pn6/8QAHwEAAwEBAQEBAQEBAQAAAAAAAAECAwQFBgcICQoL/8QAtREAAgECBAQDBAcFBAQAAQJ3AAECAxEEBSExBhJBUQdhcRMiMoEIFEKRobHBCSMzUvAVYnLRChYkNOEl8RcYGRomJygpKjU2Nzg5OkNERUZHSElKU1RVVldYWVpjZGVmZ2hpanN0dXZ3eHl6goOEhYaHiImKkpOUlZaXmJmaoqOkpaanqKmqsrO0tba3uLm6wsPExcbHyMnK0tPU1dbX2Nna4uPk5ebn6Onq8vP09fb3+Pn6/9oADAMBAAIRAxEAPwDqPBPg7SNd0y3mutJMjPv3yCZhnBbHG4DsK7zVfhN8KPC3hybXvEGmFVhhdyGmuOSASB8rH0pnwL0+3fwnZTkDc4l3c9vMYVxH7U37Rtt8N7+LTrmIlS5Dr9nTG0xhupYZ6mv2LjLi7PssznGxhi6sYxqVEkqk0klNpJJOyS2SN8bj82nnFenTrzSU5JJSlZLmem5z1v8AGj4Aanrlz4e0fwNBNLBK8YcX94Pug5PzEDqP5V4f8QP2t7TQfE50Wx8A28ERCbpTfytsyoJOCpz9M16Hqkdl8YfDcWt+FVtheXKJcEIMMGcqxyEBwMAjp396634Qf8EzI9Wxq/xAnRfLXduju5ELAEYGXh5OM8e1fz9nPjNxtSqONDHVrf8AX2f/AMkfT5fQzBxUquIn85S/zPPvDfxG0XxH4cj1weIDA7xxsIxbFgdxwf4c1T8LfHnwRH4mi0bxLq0bq8kandBKudzgfwLnpn869l+Kn7DngDw14cnTw4+o+YNuwfbiQD5vsg4x/Ovlf4m/siePPC1+PFOgtvaEjasrTMfl3EZwnsK+FxPinx9jqlv7YxcG+2IrL8pn0sHVpQvzt/Ns+nbHxX8GL/U4rCw09bgsTu+e5UHjPU4r0HU/BXwQtdCXVZ7M2zsoYIJrh+CvHf1r87Neb4v3dtEl3CsbxZQmG3lVieBwSOvWut+Hmk+IfHdq2j69rN3ayoDtFzdSRAkFUA6cj5s49qww/GfiLKd3xBjP/Cqv/wDLDOrj8RFaI+nbTXPh/c+IW0u20VJlWTaimadd+ASa7Tw1/wAKRvZW0/xB4LW0kw22QXl45zwF4U+p78V8zeBPA3jf4Qa1Lrc9/bXkEEoMewySkrjaT90f3h3r6I8B+PPB3iXTlt/FGyC4DDax8qP5hwOrZPJHFelhuLvEmvPljnuMf/czX/8Akzza+a4iCbu0eoQ/s6/CzVPDza3oNg1wpXcpM8wIG7A4Lj0Paq5/Z48AwWSyXHh5y5kAP+ky9P8Av5Wx4S1ez0TRHFtf+dakclZFbADHpzjqat3HijT/ABJ4euZ7AhnhkOcFSchc9AfevsMNmPidOhrnWLv/ANhNb/5M8nE8SVacbcz+8+ZvFdhb6V4o1LTLRNsVtfzRRLknCq5AGTnPAoqPXpHm1y9lkzua7kLZ65LGiv8ASfJXVeTYZ1JOUvZwu27tvlV22923uz9Aw8/aUIS7pP8AA9r+B4WDwJp15kcJOGycZ/eSV8bf8FBF1zUPGKXEVgrxvLF/EvH7oA45r7I+C939l+HWnshGf3xIP/XZ6wvj/wDDbwleaA3ifXIWcoGcAEfwoPUe1fxF4nzrLN8w5N/a1f8A0tn49zRXENfm/wCfk/8A0pngn7BXgvxTcSw3OqySJbouI1Yowx5J2gdcc96+77/4gT2ejSxOjq0cb7CJGy3B449iK+QvB/xFFs1roHg3S5kiSHBcQDJIU87l+g/M19Mw3dhd2iW96hRmAysiAckY6k+1fyvi7wrOU11Pu5QU4LkOT8R/HPwZBFcx+JL9C6S48uRJGI+YZ/gqpZeLvh38RQba3gimTLHYBLjsvQgeteD/ALXvwB8Q+KLi81Twvq5hd5S3l/bHC5Lr2VTXJfsw/Bf426b4ti0/VLyFoSU+b7RN3lTPVPQV4FaFOrVvB2Z205OhRvI+n7P9mj4e+INVa6TRbdwGPmAWxwMoCOSR3964P9oH9kmHQtHHiXwRpiQeVgyGKJOdsUjH78h7gdK+r/hL8FJtO8O/8THUoEldFLbpyMkbh1K+gFZvxT8GXNh4Uu9MF9FIjF8fv89UYelerRy3EqnzXZgsyhJ8rR8AabqXi3xBGnhhUlb7OAswZhgk5YcdP4fWsr9olfEXg7SbTxHoKFWikj8za6L0jZj1yM5Wvb9H+Gken+NpfstpM7yynJQbh9xv9j3Neg+JP2edL8aeCJbNrUl2U7kYgHOwj+5710YDG1MFjEkr2M8RSoV4HhP7KH7VkXjfw3F4T8TXDJOFjVw8rseWkbPyoB29a90+HF8uhXLWs0/mR3BeRs4/jCj1z2OOK+U/EH7GfxJ+GPjKPxX4fiRbOKYuyMZ2JAAxwsYH8Zr6b+HgkvvCFvcXazi4hCRPvQDhUX8epr964Xzd4+CVSNj85zyl7Gfus888ZiMeMNWEIAT+0p9gHp5jYopnipg3ifUmHe/mP/j5or/RHK7f2ZQ/wR/9JR+zYL/c6f8AhX5I9f8Agj5J8F2CyJu5lyP+2j1d/aF0iLUfh5Nby8K0MwUYz1Qj+tZHwu8S2Og/D7TvOjy7GXkLnjzn9xXM678Tta8fXf8Awjv2ePyR3AI5IHH3jX8Z8eKMs9xytf8AfVf/AEtn4rjJOnnuIf8A08n/AOlMyfgbF4b0AmV9NUhWILCQg8pjPH1Nen+KPELa9qkd5pGoeXGsgZoxFnI+pHqa8g+JvhrxP4X8PxvoMMW9kjLYDDnfg/pTPgub+/gWbVZ7rz48tgk7TtZSP51/LPE+FqYWpKbjoz7vLsU50lqdd4t+I2iaZdPZ6nqCxs8jAqzMDwR6CtvwX8S4LG5h1DTbTdmQYZLjg4I56e1cl8RvhsmuQt4nu7iRFVyxRLjHLMvGMdKwtF1LUvDzW+mOttIGnTbuTcwBI6V+dxUoVfaN2R9Bywr0bI9vj/a1U+Lxpd/rf2SGOUrICSexPaP+td14n+Lfwb8c6SLDR/HUMl4Y9zoLRyTlSP4sDqR714PF8PdP8WyyXsqmKSXljEyrzj3Brg9Y+FN78K/EsfiK31S5kiIVSktyWHB39FVf7vrX2mEzpYmhyqOh89XpKlN6HuHh/SDbeLXubKFZ1SQkHywM/IRnHHGa9M17Xfh18PNF/tDxL4iht5Nm4QmFjncrEcqP9k15n8MfiTpOqm2uJUX5CDIBCCT97HVvavF/+CgHgLxr8S/D8Wv+CNYu42heFDEt1IgIVZiflQdfmqcLBVMTz8twU3Fe8xPj/wD8FB7DUvFkfwl8OwidZ3kgR49RPJVI2PyNCfT1r1X4UwXVvoEMOoNsN4i3JQooxvVRwAfQelfEX7JH7MHjDxn47tdf8eJOktrKr7pncZLpKD/rEPotfbumWtvpmoQ6Sk0uILdYwpYY+XAHTA9e1funCuFlGgpyVj4zPnBz0Z5X4wiEHi7VYVOQmozqD9JGoo8YAjxbqgJ5Goz5/wC/jUV/ojlf/Isof4I/+ko/Y8F/udP/AAr8kaEGpPdaDYaLAcMEfJ69ZGP9a7/4WfC+w02RdSvgpdwP4CDkMT2+lcj8OfCo1Ca21KUMFZWGf+BEV7FY2ytGYUlIxym096/jXjWrDD8RY+cldKrVf/k7PxTHwVfO8RC9v3k//SmZvjSx0d4lt5oAUQfxEjnOR6968ch8e6N4X1nybZQq7FxiQ9SMnqMelejfFvQfEEWnfabB88DO2U56j0rzif4WvJoE+rXW4TCKQqC5JJAJHb2r+VOLOJqWJxTpTg+W593k+STnRTjI17zx3L4p0qW3gJ2krhQynOCD0wPSuO8N6Z4h1XxfDNdQP5EUoYlsfwsMfpUvhvSNQ07UrRJ8lWjJYEFuSrduPavT21/w5oXhySQwQpKEZSxjUHAUHOc+xr4Wc8Njny03Y+jp06mD0auVdJ8Qrb+JE0yJlGHxjr0Bz+grlvj18efDOl6O2i6jKiyNtMZNyQclHA424rlvEnj1rnXhd6Qyl1c7mXgdh1B+tcP42+AnjT42eIrS6jnnjijeKU7LhlGFJyOQexr6TKaFKnONGDTueNj6ic+a1jv/ANlfUNQ103esSzfuH8homIB4Ikzzj1r6Iiihl0oQ6siywvLkq3Tn/wCt/OuF+GHgzw98HfAkXhi/YC48lYzIWU8qWOSdo/vV2njEJb+GI57OUsHddvPX5Ca/Y8g4UjJqpJHyOaZuox5IomOjeHNHtlvPD9lHCsnzHYzH7p46n3rmJ3EOrGVVAJOA2OTk561p6ZdlfClp5rZaSN+QeRyOtUruz2utxuyNw4xX6hRowowVOKtY+Oq4ipXleR5J4rJbxRqTE9b+b/0M0U3xISfEV+T3vZf/AEM0V/bGWf8AItof4I/+ko/oXBf7nT/wr8kekfDK48rwdZAHvJ2/6aNXT2upPby74nOSOea5L4dceD7MjGT5n/oxq3fNMI3AZ7V/InFVGlX4kx0ai09tV/8AS5H4Nm9Scc6xPLv7Sf8A6Uzd1DVHurVVkGenTAzyKluLKyudEl3sgJR8BmzjPHGKw1vBPAEc9+grVsBLJbAKOOeD0Nfl+f8AAOTY+lz00uZnr5ZxLjMDBRvoclqXgkT2a3NtcASnJGIycc+5rkfG/wAMrzVdDeK9uwAVYcpjkqR69cE17Lpfh/WLy6VIbKExgjk5PGCelP1vwJqerMLRbSJc4+6wX+dfj+aeFuJwl50G9T63A8XUq9vaHy38NvDVt4b8UtY3yK8fmkZ3leNrHqPrX0rpE1hp2jxjSyEMgwSGLYGBxyao3fwT0fwvKNUvhmY7iykqwxjHp71Y0jTodR1YWsDbIwAyr05yor5vB8PZ5keZRnKLauj28ZmmVY3Cu1k7HNfFrTZ73RUup2bcync3Tq6jj3xW34Y1GDxt4LFoHBNtxgdtqAf1q78UdOgXR5LSNQ2xOobOPmFcF8ALi/0/+0LWZmw80yqW+qj+Vf0/kkqywUKsl02PyfHXdZ8uqOqs7VYLARKv8PT0qbCiDaPTkmhWKSm2Zuhxg9aaw2sUb1r3lNzV2jypuLeh414n/wCRl1H/AK/pv/QzRR4oGPEuogf8/wBN/wChmiv7Syz/AJFtD/BH/wBJR/Q+C/3On/hj+SJtN8Z+JdJs0sNP1Ly4o87E8lDjJJPJBPU1OfiN4yPXWP8AyXj/APiaKK5KvDvD9erKpUwdKUpNtt04NtvVttq7be7OeeUZTUm5zw8G27tuEbtvdt23EHxE8YqMDV//ACXj/wDiasQ/Ffx/bjEPiAqB/wBO0X/xNFFZ/wCq/DK/5gaP/gqH/wAiL+xsn/6Bqf8A4BH/ACNTT/2i/jJpSbLDxj5Y/wCwfbn+cdL/AMNG/GYy+cfGWW9Tp1uf/adFFJ8LcMSVngaP/gqH/wAiCybKFth6f/gEf8ijqfxq+JusOZNR8TmQnqfskK/yQVWt/il48tZ/tNvrxV8Y3C3j/wDiaKKynwfwlUd55fQfrSp//IlrKsrW1CH/AIDH/IS++J/jnUgy32umQOfm/wBGjGfyWqel+MfEeiyNLpmoCJnYsxECHJJyeq+1FFax4W4YjHlWBopf9eof/Ik/2RlP/QPD/wAAj/kWn+JXjaSXzn1rLev2aP8A+JpP+Fk+Nc5/tr/yXj/+Jooqv9WeG/8AoCo/+C4f/Ik/2Lk3/QNT/wDAI/5GPdXM97dSXly+6SWQvI2AMsTknj3ooor2oxjCKjFWS2R6UYxjFJKyR//Z\"]}]', 3, 3, 0, 0.557, '1.0', 'success', NULL);
INSERT INTO `inference_results` (`id`, `image_id`, `device_id`, `device_code`, `inference_at`, `raw_prediction`, `total_objects`, `total_jentik`, `total_non_jentik`, `avg_confidence`, `parsing_version`, `status`, `error_message`) VALUES
('c6de1521-915c-41ea-94f5-07eab7adb36e', 'fb37e503-85ae-446e-aac8-63d819effa70', '4ebc0405-7647-436a-a448-4ac8f0a462cb', 'test', '2026-01-07 03:55:51', '[{\"dynamic_crop\": [\"/9j/4AAQSkZJRgABAQAAAQABAAD/2wBDAAIBAQEBAQIBAQECAgICAgQDAgICAgUEBAMEBgUGBgYFBgYGBwkIBgcJBwYGCAsICQoKCgoKBggLDAsKDAkKCgr/2wBDAQICAgICAgUDAwUKBwYHCgoKCgoKCgoKCgoKCgoKCgoKCgoKCgoKCgoKCgoKCgoKCgoKCgoKCgoKCgoKCgoKCgr/wAARCAA/AFADASIAAhEBAxEB/8QAHwAAAQUBAQEBAQEAAAAAAAAAAAECAwQFBgcICQoL/8QAtRAAAgEDAwIEAwUFBAQAAAF9AQIDAAQRBRIhMUEGE1FhByJxFDKBkaEII0KxwRVS0fAkM2JyggkKFhcYGRolJicoKSo0NTY3ODk6Q0RFRkdISUpTVFVWV1hZWmNkZWZnaGlqc3R1dnd4eXqDhIWGh4iJipKTlJWWl5iZmqKjpKWmp6ipqrKztLW2t7i5usLDxMXGx8jJytLT1NXW19jZ2uHi4+Tl5ufo6erx8vP09fb3+Pn6/8QAHwEAAwEBAQEBAQEBAQAAAAAAAAECAwQFBgcICQoL/8QAtREAAgECBAQDBAcFBAQAAQJ3AAECAxEEBSExBhJBUQdhcRMiMoEIFEKRobHBCSMzUvAVYnLRChYkNOEl8RcYGRomJygpKjU2Nzg5OkNERUZHSElKU1RVVldYWVpjZGVmZ2hpanN0dXZ3eHl6goOEhYaHiImKkpOUlZaXmJmaoqOkpaanqKmqsrO0tba3uLm6wsPExcbHyMnK0tPU1dbX2Nna4uPk5ebn6Onq8vP09fb3+Pn6/9oADAMBAAIRAxEAPwD9wJJuegYbecnGK57x98TfA3wvsLTVPHvi/TNIhvL2KCBtT1FLfzt0iK2wMMuVD5OMD1bJAE3jfxpo3gDwjq3jjX5R9k0bSrm/uolkUPLHDE8jKuT944A6dwR0r8U/i38fviX+2j8Zo/EWuG8i1qfUirxPKs1ra2wm/c20G1ggi4BdzgttCghmZq587zv+zFGEI3lL8DvyXJf7TlKU3aMfxZ+363SyWiahDPG8E6eZb3EcoeORMriRSOGUlhyCw+YdqfJepBJHauVEkrsiKzcgrguT9Bj8frXx3+wX471HwHpXirwX8V7wJc3dzZ6kdT8yPF3IkfkM0jLhDM4S1g2RbgEgRtzNmvprw74lXxDqWq+LNbjGmadYxx2ti13MocMx3Tu64BTMojiVcBz5Y28sAPQwGNpY2hGWil1XY8/HYCpgqsotadztIZCyAuoUHoM9PaplwOC1ZlneXN6n2ueylgi3/uoZ02yOp7kfw/TtV5HC8Fxn0rudtjg6kxx2oqNWYd6eGBGc0krgKrMp4/Onht1MpVDE5BpAcx4g0+xvIi+o6da3CBHDLdW6SDYy7TjeCvOcEEj6HOa+O/G3/BOHwKPHOqfErwp8S9RspI9RF1pdsuhxKllCsxaGyjaNsSpFvlUM0YkfcplffGGf7Q1IJHbhpJAFDdGXIJrkPEfhDW/FL417xNeWWnAh/sNmscMk+xw/zybGKxts2kAZZS3Q1yY3AUcdSSqRu11O/A4+tgqt4PR9D8tf20fi38YNQ8W3n7Lfwm0HxFYX3h+0tNTude0+VbOV7Ro2EiXULMGNu6gus8BZomc5yEOftj9j74nWeneAbHXPjn8aDrsenxs2kXeqWj3eoSort9n1C6xCZI5o7dWTzc7X8zOC6bh2tt+z78OPiX4q0fx/4p8MOkeg6m7aBcTosl7cRoyrHOJOXtAS1wBAoJZCC5GdtfOHx3/ZR+K2gfEPUv2jPhHeW2kSjU5Y7rw3qN0p07X1Wdir5jYPFApYSPIQo3BfljOWPxbwWZ5JX+swXPF7r9UfT1cdhc2peylo+598xXV0IVurqzNnDgMiT/6x0I+VmAJ2g9MAnn2q5bOTtlli2jn5TyRx0PvXwp+yP/wU70TWPiVe/CL9oGe78PeMLOzMaaHrmViv7xHHm3dsVDF1EaFVCBi2/aN2wuftXwH4v0/4ieHbXxbpKyxWl60qWkEpRXkETFWYHJ3qcEh1ByPfNfZZfmeHzCkpRlr2Z8tjMBXwcveV13N5GGAQTjHenhg3SqscwuAr2z7o1bAkHRx6j2qygXkg/hXonEShlI6ilB9DUakA8ipAQRxWYFKdQGDBRx71mavpSaha/ZDkRk5kUdDWwW4waiaGSRycZ981puBz1/pjwpi23BtgSMLxg8c/gAPyrK8QeGdO1+yj8HanYiWzaPNwvzIdoUqqq6EMm5uCRzgEdDXYzWmD33Bc5AHTPNULjTVWSSVGwSCcEdeMY/KplFSVmrji3F36ny7+1f8AsCfDT9pXVv7M13wboUNlYRLeaZr0aCzn8M+V+8BtpUPmLuXexQo0e4iRsZbPy6niz9p3/gnzqGm+Evid4m1vxb8J4LVreLxNE8n9r+E9Njufma6iiUefCFdHE6AjzHBBKyNn9N4IntS1yQcsVbdnndgHPt6fia5Hx18HPD/irwdqul6XplvZXmpXImucByLjajhYMZIRVByFC+WcfOp6nxcXlMb+1oaSR7GHzNy9yvqjN+A/7Z/gr9ooade+CLjTLzSdatpptP1Ow1BJEtbaKMsZ5gGAKHbs3gIY3KbkAOT7OI2CpdCUbZIw6NuDKyEZDAjqf09OK/Ln4t/sj/Ez9jXxraz/ALMWiXUg1+yfXdc8D6coisHuWmWNYrOWLKZD4XaFCsC5HlErXtv7Mf7X0n7P3hPT9A+JfhgReHNY1NFtdYtr+SW1t7uRmLWu6R2+yT+YWKxS8zqpdB82Thgc1qwl7LEKz7l4nLKco+1oO67H25z3BHHf+dGT61Dpur6N4g0+PW/DmqQX9jc7mt7q0kDpIByRnsRnkdcjmp2ADEKSQDgZFe8mpK6PDd07MiowD1FFFagG1Rliq4xjkVBcW5X5x1wTwo4qcgHgiggMMHOPagDLurFZUJBPJwfkHIwP8KqXFsVO0O4GcnC9TkH+g/KtmWBUGcDaegzzVWeFRlWHBx0JoGnYpPbWerPax61plteLZXKz2cV3GMRygYWRDwY2HHzqcgHFfLf7W/8AwSZ+E37Sdouv6HeINX03WYNU0a1ub17KKS4i3BEmaISRMpV8b/I8wbQ2WIO76p8mRJCBtwJCep6dKnikcMVcAryCuMjBrCrhKGI+KOptRxNfDv3JaHzj8C/F3if9jqfwX+zX8Q7rxB4hk1PUp7fXdem0WZ7afW726MghtHADxWcEDSfv5QsAihRQVlzGv1IQUJiJyVOMnqfc9MfTtVGU291ay2d1BHPDJC0c8c8SvHJCR80bqfvIc4K9CGPcVD4fsF0K2h0C3nlktY4ttibiZpJYk6rE0jEs6gYCu2XwAGJwadKm6Xu9CalRVHfqf//Z\", \"/9j/4AAQSkZJRgABAQAAAQABAAD/2wBDAAIBAQEBAQIBAQECAgICAgQDAgICAgUEBAMEBgUGBgYFBgYGBwkIBgcJBwYGCAsICQoKCgoKBggLDAsKDAkKCgr/2wBDAQICAgICAgUDAwUKBwYHCgoKCgoKCgoKCgoKCgoKCgoKCgoKCgoKCgoKCgoKCgoKCgoKCgoKCgoKCgoKCgoKCgr/wAARCAA2AF8DASIAAhEBAxEB/8QAHwAAAQUBAQEBAQEAAAAAAAAAAAECAwQFBgcICQoL/8QAtRAAAgEDAwIEAwUFBAQAAAF9AQIDAAQRBRIhMUEGE1FhByJxFDKBkaEII0KxwRVS0fAkM2JyggkKFhcYGRolJicoKSo0NTY3ODk6Q0RFRkdISUpTVFVWV1hZWmNkZWZnaGlqc3R1dnd4eXqDhIWGh4iJipKTlJWWl5iZmqKjpKWmp6ipqrKztLW2t7i5usLDxMXGx8jJytLT1NXW19jZ2uHi4+Tl5ufo6erx8vP09fb3+Pn6/8QAHwEAAwEBAQEBAQEBAQAAAAAAAAECAwQFBgcICQoL/8QAtREAAgECBAQDBAcFBAQAAQJ3AAECAxEEBSExBhJBUQdhcRMiMoEIFEKRobHBCSMzUvAVYnLRChYkNOEl8RcYGRomJygpKjU2Nzg5OkNERUZHSElKU1RVVldYWVpjZGVmZ2hpanN0dXZ3eHl6goOEhYaHiImKkpOUlZaXmJmaoqOkpaanqKmqsrO0tba3uLm6wsPExcbHyMnK0tPU1dbX2Nna4uPk5ebn6Onq8vP09fb3+Pn6/9oADAMBAAIRAxEAPwD9w5bhY/4G+7urkfH3xw+Ffww1zTfDXjnx5Yabf6tKq2tnNLuljjbdtmkVVby49y7fMbav92t/WNcs9D0y61vUJGMOn2c11KqruZljjaRtv/AVr8XPjN8SPiX+1b+2ZbQ31zqGlWOtWsd1q6zXSxrMu6SO2jZo1aTb5m2NY4/u7l/3awzvNpZXyQpx5pT+5JHZk2URzPnnOVor8z9lPB/xB8JfETwzpXjn4e+LbHXtE1pWk07VtJuFnguFXcrMsn+y0bKy/eVlZat2F8974nvrDexSxihRv7vmSfvP/QVX/vqvjj9j3xt4k+BPwx1Twrrfi2TV9KknuNRsNY1T91JDdNDHGyqzTfu7ePy9q/eb727b8te6fC/42eGPF2n+IdV+GfiHQ73Wr7yVZZrqbyvtzQxw2zS7t22Py/LZfLVlk+7u3VeBzvDYqMYPSYsZkmKwt5R96J7DDfI00qI+7a+2rDSIvesmG3ttBs4rGF2mZmVFkkT55pP7zf7TfM22rkd15a7Bt3NXuHiFzf8Ax07L+/5VXWZNod3+b/cp6ybhvHSjkAly/v8AlTd27nNG7dzmijkANu7jFNZcH5KdRQBh+JLH+0NLn003NxEtxFIkslu+yRVZdrbW+ba21vvV8a+Ov+CZPwjuPi+PiF4f+I+t6ErX8c+kaHouj26TWflwqqxtdq26SHzFWRpJI2k+9H5jKytX2vd26SKyTdGrlvFtvdaTbs+jaUt7qNwuyys/N2RzSbvvSSbf3ca/ekb7235V+ZlrixmBwuMjH2kb2O3B46vg7+zlbmPkP9oL4Z/E6P4ZzeCfhLpOl63p8csaeI7PxRayeVcaazMsrQ7fmVlVo/3m1vut96n/ALJPhq/+FfhHS9efwrbs1qu6y8vXPtSW9urbo9Pjkkjhk8uPb5i7lby2mkXd92vfte8ASeD9BRLa5k17xDqGsqkV9qzssTXFxcL5jeXHtaO1hj8xo41ZmVY413Mzbq0Nc8C6Ivg+bwHo6SRJqVwyfaLpFlkbdu8yST/dj/hj2/dVVr5CXDFeni/rFKfL/W2p9RLP6VbC+ymv66mV4B/aq8H+KPFF/Z+In+w6la2CtFpOqSxwSw+ZNtby5G2xyKytHtbarNtr1Tw/qcWuQtr32yNoppZEsoW+VoY422t8rfekZlbc393bt+WvlH47fsi2fijQ4/AGmza5qFp563Xy3jRSxyKv7uSOWNla0jVlZfLZtrbpPvbq8k0n9tbUv2e/GB/Z1+K+leJtEg0+326Nr2oeXPFcXXy+dax/3VVWjWORdrNt3bW3VpQz7McBiPZY+Pu/zeZzVsqweKgp4aW9j9FrG7+3n7TDMzQyf6pf4pF/vf7v92rFveJMpdJG2b9qNu+Vv7zL/s15V4X/AGjfD3jLVNP0dEuo7a+nt4HupvLVGZo/urJGzK27/gKsvzK1d/Z+LtHvpo7OwuWaWZ2S1Votqybd25o2+6yrtr67D43C4qN4SPnK2ExGGnyzib32wf8APM/9909ZN3zhqoqzxqHcNn/cqaOR1HySV1HMWd7etOVt1QrMip8+4tT6AGTROzDYlVZLVGmLunP3fvVdqGT75+tAGHdeH0ur5L10/wBX/qvu/L/n/wBlqCbw6i3Am37UjiZYv9ndt3N/3ytdAVRqa0fylMcNS5UVzM4+30d7WS71K8Tm6dXuG2fdjVdscf8AtbV/8eZv71ee+Ov2d/hX8WvCN5onxF8AaXrb6hA3lR6okkqWrN8q+V/FHIq/dkVtysqt/DXtdxZpLCYXRfm/2aoXGipGrTp821f7tYV8Jh8RHlqx5jajiquHleEj88vFn/BNP4l/D/Sbrxz+yv8AtA614aexvI00vSfE1+uoW0i7mj/dzbW8iOPdJ/rI23f73zVzng34+f8ABSn9lXUhqvxL8DaH4utbWKS1ivLW3aJJpm3LHIyxsyyTfNJ80a/wru+Wv0Wh0N7O1SGNFZI0bfGyfKy/e/8AZmrntQ8C6Dq3hN/CV/p6xWkku91ht41/eNu/eMrLtZtrba+ercPun72Eny2Pbo5uqkbYiO54r+zj/wAFLvhp401Zbb4nTa14YvLiJn/svUreSWDzG2qvly/egbdu+WT5fvbWr6p8H+L9H8aRbNIMnneUs/kqyy+ZGzbVkVl//arxa8/Z70oWtnreiJ9uvLe6a6ls7i1t/Imk8tVhm8qRWVpI9u5tskbNXwt/wUL8VftvfsbXFh8RPhdpem6PouuWDLqhXRmngt7iNt0txJHukaPz90sjMv8AqfLVY9vzNU4fEZvgZxpVoc0f5v8AgjqYbL8enOm+WX9dD9aJFeNtjoysv3t1Kr7VMWxcFs1+dP7BP/Ba7xF8YviJoH7Onxx8JQ3evTWunpPqXhXw/MywrMzQtNOvmSN+7by5GkVVj8vdI3l7WVf0Qt72zu4Y7i1u0ZJ13xOH+V1/2W+63/Aa+kw9eniIXgeDiMPUw1XkmXKY4iYlmTmiitzEipjN/pW3z227tnl7F6+u771FFADyAetMK7jsY0UUExIZbSJkMZjXDoytVK80eJkZgFB+lFFBV7mZJaC3kMKhRt4wvSrdjqt5pcJkiuSqPgMAgYPnrlW+WiiiWu5dkR+FPDXhHwjeXuueEvBGiaNPqC/8TC50fR7e2luPm/jeONWk/wCBNV5dI022umfTlexnnO53sSEST/fTlGP+0V3f7VFFTGMVshSbbP/Z\", \"/9j/4AAQSkZJRgABAQAAAQABAAD/2wBDAAIBAQEBAQIBAQECAgICAgQDAgICAgUEBAMEBgUGBgYFBgYGBwkIBgcJBwYGCAsICQoKCgoKBggLDAsKDAkKCgr/2wBDAQICAgICAgUDAwUKBwYHCgoKCgoKCgoKCgoKCgoKCgoKCgoKCgoKCgoKCgoKCgoKCgoKCgoKCgoKCgoKCgoKCgr/wAARCABPAC0DASIAAhEBAxEB/8QAHwAAAQUBAQEBAQEAAAAAAAAAAAECAwQFBgcICQoL/8QAtRAAAgEDAwIEAwUFBAQAAAF9AQIDAAQRBRIhMUEGE1FhByJxFDKBkaEII0KxwRVS0fAkM2JyggkKFhcYGRolJicoKSo0NTY3ODk6Q0RFRkdISUpTVFVWV1hZWmNkZWZnaGlqc3R1dnd4eXqDhIWGh4iJipKTlJWWl5iZmqKjpKWmp6ipqrKztLW2t7i5usLDxMXGx8jJytLT1NXW19jZ2uHi4+Tl5ufo6erx8vP09fb3+Pn6/8QAHwEAAwEBAQEBAQEBAQAAAAAAAAECAwQFBgcICQoL/8QAtREAAgECBAQDBAcFBAQAAQJ3AAECAxEEBSExBhJBUQdhcRMiMoEIFEKRobHBCSMzUvAVYnLRChYkNOEl8RcYGRomJygpKjU2Nzg5OkNERUZHSElKU1RVVldYWVpjZGVmZ2hpanN0dXZ3eHl6goOEhYaHiImKkpOUlZaXmJmaoqOkpaanqKmqsrO0tba3uLm6wsPExcbHyMnK0tPU1dbX2Nna4uPk5ebn6Onq8vP09fb3+Pn6/9oADAMBAAIRAxEAPwD9mfEni3wx4OtFv/FniSy06KRiITd3ARpcNt+VTy3PXA4+vFZnhf4vfDTxxcR2ng/xpbXskxmWBUSRTK0a7nCblG8KM7iuQuOpr4G/bG8QfFPxD8ZtZ0zUb21037Nrl/p0l7q1iYruaCMIsUtvC27MErOvkOSR5Zzuz8wvfs7+FvFXg3xkfDg+KvidL/XLWOOw16G9UrpDLJDJsjh2uoZShByrLIu4ADNfIy4wzT+2HQVGHs07bvmfn2R9RDhjBSy1VfaSc2r3Vreh+hscuGBHGc4UH0GanSQHhyCR1APSsbWvE1npCS6xrVxDZw3V80djBI4XLb8bMHAL+oBOMjucVoWdy00Kzgff6jZg/lX6KpKSTR8RKLi3cvo2DlfypfMHcVCkoK70B/GpBnHNMR82/G2PwZ8VLFPDWl6c2ttDPE00l3DJA1mW8xljDGNSC5jZuSF3AkkcV+fnif8AbO+NUvjjTfAnw2+EV5bSweM2t4ZNSs5I4L/w6baUPlldfKuEuItjJ/rD50bEYJx+pvizRtf8YpHb69dWVnp0MrsLCG0+0TOWRl+aaQhIvvZIiRi2OXPNfEH/AAUj+Hfgn4OfBi18dfBJZLLWfB/i+HxTqXiCAK8aFDtljcRgoseNrSkEL+76bmJr4vPsskqjxiR9hlOZr6sqFz64/Z71zwj4j0DT/iX4Y+HWvPc31uI7aC6xI+kKEV5IXaZo4bdy7Y3AK7hQjZPy16xaXepTEtcaWIAeSstyJGA9TtHH615J+zD8WPHXxh+HGneJdVutBiW8sLe6s4gRLcFHhDhhHHIQi7SMFstjGcHivVrSRw3lSXnmydNkSAYHoFHIr6fLeV4SHLtY+dzHm+tSuaCOQ29cZ9xVlWkKggVSibHU1Ms8sY5TOffpXe4u5wXscf4hsLO5dmv90q7s+WS5GP7u0YBH1rz/AOOfg3Vfit8K9Y8DPKum6Neae9vL9suvKhuVI/55xhiy8EKrfe3ZCgjNesXtqmDvt8Kc8hjnj8aw7/RG1pmtpbma2t2zhYdokdgBh9xHHIzu6885qMVh41qEo26G+HrSpVVKL1R8N/8ABLL4n+HdK8J3ngLxdYTS3nhjVLzTJdNmmRIYoUddkxP/AC1aSM7sEAKSn0r9ALK4tUtVW0sZIIX+6s0WwfTaTwfavzY1XWPDH7H37eni2CwsJ10rxtpOn3ngmTUtPW7lsb2Nyt4r+Wdsgm8wkRurhTEg2lvnr9E/h5rfjLxD4Ps9d8QaO1vNcRiTN85jnlQ9HZFVcZOQCSM+grwsim6MXh5PVM9TNafPFVo9To0JHUflUiuwGGOahiDn/j5cZ77c/wCFS19Ep2VnueHLcpXUfmJ5aKT97PFZOqW819F9jkLpDIMSBDjzFH8JPYGtt3eNXY56HA+tZ9xEGJUNjOc8+tW+yEr3sfIn/BUL9mSz/aE+GEfh/wAEeCLE+JPDd2uu+Hb7TtPIuobqHcyzLOq70aNwjBdwBz82ab/wSu/aVn+JvgK30/4i+ObWw8R2dw+ma3p2oJK13cXihA8jeYpVEeUMV+bGHTH3hX0x8RNAvPE3gXU/B+kiTzLyELNbQMqC5QnDxMz/ACAMuBkdOvPSvmFvBPw9+DHiDVLCx8NCXWLaV7rUpdKAthfWqnaytHCAWe2P3pMqjFWAbJxXyGZRnl+ZRxH2XufU5fyYzBOj1R9rqgjeSN9pbOPvH5T3BHUH2/WpKw/hr45t/iR4B0nx3Z2f2aPULdpHtRyI2EjISrAcoxXKndkhh3yBuV9LCpGrFTWzPmasJUpuEt0QF2Y/MQecnjrVe6+/jn86nqG4UhxuGcjNdfUzTszNuEHAwMFclcAjP0PFeE/tp/AzxN4r8F3PxN+FN9qdrr9jDcXN0dK1BIZpo1tnOEDcTEsqlojjcxRhg5r32dFIY57YAxVa6sLTU7C60nV4I7m0vLd4bm3njDpIjghlKuCGBDHggg981x47B0sbh3Smr3OrB4mphKyqQex4x/wTj0r4jeCvhBf/AAz+KmhS6Xqejz272ljNEsJFrJbL+9SGNmMQaXzI2V8PviyyAMHb6FVjjIrgPhX4LuvAfiPWYX16KfSry4U6HpUGmLbrp4AxKWkV2aYyMpIyVEaxqoB3MT3obaMYqMFQdDDqnLdBjaqr4h1Fsz//2Q==\", \"/9j/4AAQSkZJRgABAQAAAQABAAD/2wBDAAIBAQEBAQIBAQECAgICAgQDAgICAgUEBAMEBgUGBgYFBgYGBwkIBgcJBwYGCAsICQoKCgoKBggLDAsKDAkKCgr/2wBDAQICAgICAgUDAwUKBwYHCgoKCgoKCgoKCgoKCgoKCgoKCgoKCgoKCgoKCgoKCgoKCgoKCgoKCgoKCgoKCgoKCgr/wAARCAAXAEEDASIAAhEBAxEB/8QAHwAAAQUBAQEBAQEAAAAAAAAAAAECAwQFBgcICQoL/8QAtRAAAgEDAwIEAwUFBAQAAAF9AQIDAAQRBRIhMUEGE1FhByJxFDKBkaEII0KxwRVS0fAkM2JyggkKFhcYGRolJicoKSo0NTY3ODk6Q0RFRkdISUpTVFVWV1hZWmNkZWZnaGlqc3R1dnd4eXqDhIWGh4iJipKTlJWWl5iZmqKjpKWmp6ipqrKztLW2t7i5usLDxMXGx8jJytLT1NXW19jZ2uHi4+Tl5ufo6erx8vP09fb3+Pn6/8QAHwEAAwEBAQEBAQEBAQAAAAAAAAECAwQFBgcICQoL/8QAtREAAgECBAQDBAcFBAQAAQJ3AAECAxEEBSExBhJBUQdhcRMiMoEIFEKRobHBCSMzUvAVYnLRChYkNOEl8RcYGRomJygpKjU2Nzg5OkNERUZHSElKU1RVVldYWVpjZGVmZ2hpanN0dXZ3eHl6goOEhYaHiImKkpOUlZaXmJmaoqOkpaanqKmqsrO0tba3uLm6wsPExcbHyMnK0tPU1dbX2Nna4uPk5ebn6Onq8vP09fb3+Pn6/9oADAMBAAIRAxEAPwD9cRdWUV6dJku4RPGQscJnG916g4znPt1qtaeINMu9RutPhu1LW5KbxG20kBd4zjHBDA+hBHWvnX4ow/FjxBbS6h4B0nX7DW7pZW0698ReJsJFdOQEnntbQRF1QHPzSbcH7prwHxJ+yd/wVB8T+KBeab+1b4bsYVgkN7ZC1kmDskQQRx+dKZE3tljj5TtGODtG082rRlaNO5EMvpyhdzSZ+g2l6/oUnn3DanCltDO2J5NyKUwBnLAdwf8AJFU7K+S3s9FuNQu44ZxLJDPE8nzKPKkySvUdI/ru46HHwFov7I//AAUrsrdrqf8AbxunaSZGlWXwDaTpbyMQeMy/vxuJTBA24FaNl+zB/wAFKtN1OwvbX9qvRrx1n3wHWfAwghmUSByHRLjzIQp7hgSOgwRU/wBr4pf8uGX/AGbh/wDn6j7s1a5srrR/F2m2+rW8bQ28gSaRGkSGQ2+CzBCCdkgyyggjnp1rkfD3xY+HPxV17RPEHhf4jaHrmnaK11b3cWjapDcBdQ2JE00rK7mIxx+YI1IyRMxz8oNfKF9+zp/wU0afV20z9pXwbp2m2kcya7psPhGa4TVIT8+xYXuVEoYPhdx3fPySRivIf+CcVt8TNW/aK+LOueIfhfa22nvBYQWutWPhm78Px30kKO62sFkT5CJCh2vJGQNxVdp5YctfOq+j9m16nTh8spTv79z7x8W/tjfAr4Z+Orf4e+K/FhvdZmdf7cn0eWFrbRkkge4j8zfKryoIlUEQpI4aRCyAEhPS/A/jXwv4+8NweL/A+uxanpN6WFpqECkJPhip2bgCMEEHI7GvyR/bO8aaF4r8Vad4a8PWoj1SznttMnlEHzIoLyGDYF6J5z72OQysRk4IX9A/+CaKWsP7M/n2F+0tnc+JbuS1eTO5jsjWQsG9GTYMZ2kE55IrPLs/rY3NPqrjpZu+uljpzHJKGDy36wpPmulbvc+hNo/vfqaKMj1FFfVHy/Kjl5QFuftX2ePEUAjiYKMgA/TjgKOvaqct/eWNpPd26v8AbJ2Z0dpdwLnhM5/ujHscUUVl7OMdi23Lci1KKax8MDRtKnePdFHbebuyx5UGT6kbj65Iq1q2qNG9laqm2L+2EZowuBkpLx1O4fdzk/wjiiiqcIpAnK+5V1DWLyWPX7pJysk1nshaVFkVHSBkjyjDDAMQxB4O3FczLquuW3iXwcZo4JbHUtMmXULgSSLcLqSxxP8AIAwXyXXzSeA24jJIoorknCNVpyOuk3BPl0OF8V/sefBv4t+KL/xN45h1RpdRtZoNRtdMuLe3hupXdH+1sfIMqzqYwF2SogDE7CxZj7V8IfBekfDvwFovw/0jTbS2s9FsxbwRWiuEPLF3G8swMjsZGBJJdiSxOclFVQwmGpVOeEUm0ViMTXrUlCcrpWsdhst/+eZ/OiiiurmZx8qP/9k=\", \"/9j/4AAQSkZJRgABAQAAAQABAAD/2wBDAAIBAQEBAQIBAQECAgICAgQDAgICAgUEBAMEBgUGBgYFBgYGBwkIBgcJBwYGCAsICQoKCgoKBggLDAsKDAkKCgr/2wBDAQICAgICAgUDAwUKBwYHCgoKCgoKCgoKCgoKCgoKCgoKCgoKCgoKCgoKCgoKCgoKCgoKCgoKCgoKCgoKCgoKCgr/wAARCABFAEgDASIAAhEBAxEB/8QAHwAAAQUBAQEBAQEAAAAAAAAAAAECAwQFBgcICQoL/8QAtRAAAgEDAwIEAwUFBAQAAAF9AQIDAAQRBRIhMUEGE1FhByJxFDKBkaEII0KxwRVS0fAkM2JyggkKFhcYGRolJicoKSo0NTY3ODk6Q0RFRkdISUpTVFVWV1hZWmNkZWZnaGlqc3R1dnd4eXqDhIWGh4iJipKTlJWWl5iZmqKjpKWmp6ipqrKztLW2t7i5usLDxMXGx8jJytLT1NXW19jZ2uHi4+Tl5ufo6erx8vP09fb3+Pn6/8QAHwEAAwEBAQEBAQEBAQAAAAAAAAECAwQFBgcICQoL/8QAtREAAgECBAQDBAcFBAQAAQJ3AAECAxEEBSExBhJBUQdhcRMiMoEIFEKRobHBCSMzUvAVYnLRChYkNOEl8RcYGRomJygpKjU2Nzg5OkNERUZHSElKU1RVVldYWVpjZGVmZ2hpanN0dXZ3eHl6goOEhYaHiImKkpOUlZaXmJmaoqOkpaanqKmqsrO0tba3uLm6wsPExcbHyMnK0tPU1dbX2Nna4uPk5ebn6Onq8vP09fb3+Pn6/9oADAMBAAIRAxEAPwD7r+Lv7dn7Ov7JPxpl+Dvxp8R3UniXUdCg1pjoeiSMhtWLRR3F0FBWBiqRqWj3I20NtQcD3b4ZfETwL8X/AAZZeP8A4Z+I4tU0y+hkkjkgYM8exxG6uo5VlYrnIxhxzlkz5X+2/wDsE/Cv9ubwIuneJNSn0PxRpUJOg+JdPjibeofd9hukdSJbdiTgEqY95ILAvGfmb9i39n79pr9kLxprvw+8Y+O7W81CBob/AMIaXfwTGOSz8kwzW1vcSK3lT5dVa3GYmiRNruFDR9NfGYjB1ffXueQqeDw+Lo+5J8/Y/QnbhGDcEDJOO1YfjnwXa/ELRbLRtR17WtLSDXdO1InQ9XNnJcG3uEnFtOybvNt5dmyWLpKhwaz/AIe/F3RPFfhoX1xrlrJd29wtrOoQo8MpQHyp4yMxOGJUhtoPY11Um6JCnmZJypGeGz246g16MJ0cVD3XueZVpSoy5X95MLljO0p++7bsVMskZO0Od3ptqkJMdB0GKkiYkbgxB9c10W91W2My1hkOVXj60u8Oc4wKjgkBUoSBjvnrTy2eAQRUgPZ0Y7g3PrRTVKjrRQBnJKeCytuD5BJB59f8+p9a5j4ofDHwn8QdGvW1G0nW+ktRFDJZRp587q26MqzD5ZEP3G7jg5HFa97crGDISD3xmqp102s77bZ3yoAJf06VFWlDERcJrRm1ObozUovY/N74y+Nf2gv2LPjLr3xZ065vfE/gzWZ92vm7hkLTwDAIeJDlCpJGQQytH90q2K+7/wBn79orwT8e/Buh+J/AuoW1zpdxbRxu8N150sU2z5RJjpGTkq/JIGDg1N8XfAVj8afC8/hTxBYWc9nd27xX1m0Kl7jcVxKJSP8AWAqoAPA/v1+dmo6L8T/+CPP7Q1x8TfCGpJefB/WbsLrOmSwzXi6HcXUgSWRHXlYlf+JdwDNgjoT8tH6xleKu/gPck6OPo3taR+qlxM4uk0+DHmmLznwMlY87ckcbQWztz12mpQ5z3A9q88+EfxU8OeMfh4fHcepmcajjyXmuElmvCq/KsZVv3iFdrIw2qQ7E4OQO1+0tpdibm+kXEaZmIJwOB09TkhfckYr6fD1o16anB3PCqUp0puMjSD5woYYHtUqyMowjcfQVn2l0rriZSkgKiSMgkocAkcemRVhZlDhFIyRkjngVu1cyehfXPljcOdvXIoquGD42oRgYoo5WNK5lX8BClygz83y4rIvrKXa211GGyMV1LQZXLBT9TVWewjlzGwRSTgnHanpJWFdnEzx6rvYQ3HkxOMGVYst/wFjx+YNcx8S/g98MfiH4F1jQfH+im/065spVkRzukDyKYy4lJHzfMSFGdzV6HqOkhU/cjLfxHb1rnNR0mASLrGvzDybNvNT7U22K39JOchWGchcHB5GDXPiMPDE0nTnsdFGtKjJSR+c3hLxR8Yf+Cafxi0LwJ8SdM1HUfhbdwfZ/D+uxxSu1i4DN9nlkXdHJG8e1irDdnJ+/Hg/op8K/iv4a+NumaZ4k0dxDpUUAuoVNyJg7BF2vLIoC7EVywA+8yg8FCh5H4tfCfwx+0d8Prj4f+L/CUL6BeXG6KG9k8h7iUA/6UiMAUCjhWfBdXxgLgn4PvvhP+1P/AMEyPHt5pvwe03WPiH8LptSeRLWC1aWbTYgP39uYed4DFwwJGcKRz0+SlWxOSVb707nvqFHMKWi94/UrQ76SPRpdf1y4S081pb67aWQL5ERy5BIJA2RIpJzj7xOAppvhTWJ9S0WPxXdQSoNTCy6fbHIYQMMxgjGQ7L87LjKoV96+a/Df7e/wL+OVlY+B53tbjTLm1tYLzSdTnQypcKUlEN1bZ85dsiKSACjYyQwyte2xaxeeLtTuPFGu/Es22n/Z4RBDYIkDAsWWXfcMCxZ2ZBtiVXwNisQTX0GDzbCY52pyuzysVl9bCR5prQ9F8xUk8ln+djlVU5OPoD0/2uPpRWb4fXRYoPL0mwMaGXPmsCWl92L5Zj7k0V6Suzz+VdzadI2YRhuTu/p/iKa8W0/OCDnPSmWtwtzfRxttSTypfNiDglXUw9e/IZWxgcN3zxYMDM+SxJ+tCaewrMpTxFo22Jk7c9qxNX8PwXTJc3UAkKHMaMBgN/ex3/GuiZAegHTHSoZ4A4YFV+Zcfd7UC1ueeaxper3t40EupTWttnLm1kMc0/8AexKOUA9Vw390iuL+LFta6z4O1j4T/DrUbPTtaGlrcO1pEY2s9xYW7byhVWaQOdu7eyF2KkHcfWte0a8uIzDYOlvI5OZwvKf7fH/jteb/ABX0XUPBPwxu/Dfw5ieDUdQuoIIrlo0kmE1xPHHJcSO4ZHl8tiSWBGFx0VQOXF0PrGHlB9TuwlWNCspWvY/Nr4K/8E8/F2tftFa345/aU8DRJo6ajHf6FrFvrDnU7HVFfeFSRARPbk4dIzyqHIweK+vPiT+3HrH7OVna6lH4R07XbWfUYLe5N1fzQpp1lGrtLdRxxpiZzhEQO8ZywU7vmK+s+NPBcGu6frfhXQLONp59Gum0ye8b90t28cyWwYDqFdVfnPNflz4g8E/F34na9pmk/E3XNV1WCOFM2WqaTPBeX18k32YJLYyRRm22MmAuAVXLYPmLI3wNehXyRe1hq+lvL9T7OhKhm/uTsj9aP2c/2kvC/wAdPDGly302l6Z4quIZpNQ8L2Gqvfm3WOR1EqyeUhEboEb94qNHIzQkM6EkrG/Ym+DWp/Bf4TvpevSyLqet332u+iyI1iXBMKeWPuYDFuct8yjOQaK+7yyviK2ChUrxtJq58XmVClTxkoUdYrQ7P4leJNV8K/Gzw/qUWu6qYL3TJ7RtIt71Y7Jz5q/vpozGxllG0BW3KEXgDqT6QQ6uyFgSBuzj9KKKWElJznfuKpGKpxZC42nOcj0pCc49unNFFdxyvcguUWOInrnrz1/z29K5zxJo9peSq0yglLyJskdcUUU0WtzlfFZs/D9mdZe2aUvewpsSQIR5hVM5wem4kDpmqth4A0qb4jp8ULp/O1D/AIR4aREZ4w/lJFcNOJVZskORMYsj+BEH8IoorP2NKrJKcU9UdKq1IU24uzPRPD1nHGECEgKy4x9c5+uec0UUVthW3CXqzgxEpRmrPof/2Q==\", \"/9j/4AAQSkZJRgABAQAAAQABAAD/2wBDAAIBAQEBAQIBAQECAgICAgQDAgICAgUEBAMEBgUGBgYFBgYGBwkIBgcJBwYGCAsICQoKCgoKBggLDAsKDAkKCgr/2wBDAQICAgICAgUDAwUKBwYHCgoKCgoKCgoKCgoKCgoKCgoKCgoKCgoKCgoKCgoKCgoKCgoKCgoKCgoKCgoKCgoKCgr/wAARCAAfAF4DASIAAhEBAxEB/8QAHwAAAQUBAQEBAQEAAAAAAAAAAAECAwQFBgcICQoL/8QAtRAAAgEDAwIEAwUFBAQAAAF9AQIDAAQRBRIhMUEGE1FhByJxFDKBkaEII0KxwRVS0fAkM2JyggkKFhcYGRolJicoKSo0NTY3ODk6Q0RFRkdISUpTVFVWV1hZWmNkZWZnaGlqc3R1dnd4eXqDhIWGh4iJipKTlJWWl5iZmqKjpKWmp6ipqrKztLW2t7i5usLDxMXGx8jJytLT1NXW19jZ2uHi4+Tl5ufo6erx8vP09fb3+Pn6/8QAHwEAAwEBAQEBAQEBAQAAAAAAAAECAwQFBgcICQoL/8QAtREAAgECBAQDBAcFBAQAAQJ3AAECAxEEBSExBhJBUQdhcRMiMoEIFEKRobHBCSMzUvAVYnLRChYkNOEl8RcYGRomJygpKjU2Nzg5OkNERUZHSElKU1RVVldYWVpjZGVmZ2hpanN0dXZ3eHl6goOEhYaHiImKkpOUlZaXmJmaoqOkpaanqKmqsrO0tba3uLm6wsPExcbHyMnK0tPU1dbX2Nna4uPk5ebn6Onq8vP09fb3+Pn6/9oADAMBAAIRAxEAPwD9mzukIijG4vkbVIzjGSR/XIx+JqvrU9j4btFv/E2pW2mQySKkMl9cLEsjNwoBk25zjgLuODzjrXmn7RPwu+MXxU+FzeFvBHxpXSr4a5YXtxFZ+HYI4dRtIJ901kWlldkWXK/Nk8x4Jw3Hwt8fv+CM37T3j3QrjXfBXxWsLDXdTuII70m5drm1CR7GeN4Q0JgkIeQwjYYjKVPnFd9etUrVYP4bnHh8NTq61JWP0dPxF+HZ1pvDY8eaX9u84QvClzuRJCudrSY2R9RgFsncME9Dl+FPjP8ADXxnqdnoehatfmXUbjyNPe80a5tYbpycKscsqKCSSMZxnoOc4+AfgH+wP+1Z8MNQk8F+LtHs9Z1oQafYw65IdVjknW2di1zvt3EbsQVRWlYsQMAhRzynhH9lL9r3xR4zTWNB+LOq202jXd5qEIg0d2zFEJHADSSJIrBQyMWi3K3AUtxXkPNscqaboO939x3rLcLJaVD9JvCnxe+Hvi+7h0rSNVuxLdahJY2D3uk3EEV5KHwojeSMK24cpkjd26itXRNf0LWZrxdD1e1u/s90yO1ncrKoKou/DKcMFJ2sVJwQRxivyX8IfA3/AIKM+DzJ4z+Ef7Y0gbTtFmuraLU9KE0ZDqQ5imiuGEioWGXKqRtXHI21tfDn9o3/AIKW/AWOO41zwP4c8T2OnwrJDf8AhvWC4hMzbBP5T4aOURlyFQKM85PUizycVerTaXo/0FLKubSEk2fqnZymWOQljlZ5InBOSCrYJxjjjBx3DDFV7e7Eui290ZcI8cbkZCnaWHXPHO4V+f8A4Z/4Kn+IvhJ4bk0z4ieCvEnh5wPsS3Wq6aWktWk3SvM8Ykl80qikhvlyZNx3fdr0bS/+Cqf7PmoeHdO8Lw+M9KMt9NBGsV7EIHhtY9u7YZXiEkjuny5HADg7jitqWfZdPSc7P+vmYzynF038Nz621zUnspdPT5t02qw2xGc8sTyR6Ap1z1IHrUU2vmXXV0e2Km48hHaMAgEEAA+wyeT/ALOBzXgH7SP7ffwG+Glv4d8S6h4la6skuEv4bjw3pV7rJjv3gdQZYbVQYreKN5i8koK7ihx8gJ6X4V/tBfB/xho2v/G3S/ijpV7o19aref8ACUandtb20NvFEWVEEqKYokRJHZCPvHI5IFd6x+Ek7Ka/Mw+o14rWLPc7eZGjwjF9pwWJHze/Splk2nIGCR615Z8Pf2m/gP490681nw/8WbK5hs5Cs15dwS2kVyDGkimzEyj7VGfMRAYTJhyYyN42D0mG7CJucEA/wlSpX6ggEH2PNdNOpSrR5qckznq050nacWmTNeAEuz8gE9euOn5dR6VFJqMKoNqgAYCqB0BxmqV5JsUMCfumqE7uxG5jkY5rSzMrJvU0rjxAVUo0pKkkOrHOSW6nPfmsm88a6m1n5MOoTl3wMmY5z65z15/Cqc6yOchid33vzzVWWxk2hUAAzjn6UcrLukMv9SsTaTaLZ6VZR/aYGt7l1s4yHiI+fPHzfLu4PBJGazPE+leG7rwjf+HoNIIW7giggUXDfIVYGPZvJUBdoJBB3BQDmr66VNu3Bh71Um0i7/tJL3I2wRyeWQ3KscDIrKpShJao0jJtbnM+K/gZ8J7rQgY9GVLqPUbSaxu40ZGjdX2EABgVLq4yQeSAcGvNPiJ/wTp/Zz+JHjcRat4H0m6QWIN/eyIJJ4t85KctGWcmMFlZdjKYzuBBDV7fqFrch4doG1LoSsoON21HIH/fe0+2Kzri5HhzTLnW9RV5CsPm3KoRl2Z1G30/uqD22g159XKsHV+KK+466eOxNLaT+8/Jj/gpn+x+/gi+1D4afs5fD/4nXlrq199ltltbe4vvD95eW90YZNPu1t5WlswQAfNkbYvmx88vt9p8O+BPht8B/wBm3wj8D9e8BaZ4e/srw+by+8O2urTXumpO+UuQslwFecvPK0eMnc8m0ZJyPsf4haX4m0P4af27eyNe64+qRz6g1xfSJFHBcXYmeCPyyDsgjKRxr0xH0JJJ539pL9mTwX8f/htb/DXVWgsG0q5+2+G9agsjmxvUjnih82ON42lt9krhoVdCR91kIGfCq5N7LmjQVke5QzOKUXUPzl/Zs8R+PH+K0Op+HdVnsZLDxZEdEzhZAY5AS0QwHd2MSfNzt3HacGv3IuZi99PG0a5WZsgNwCTk49OufqTXwz+zP/wTa+GXwV+POkeN9QvYdaXT421TQ4rfTY7aO31JNkcoI+/gpL5wBZgWyrONuX+3NKkL2wkchsjOcdcknn1NdvDOX4rCU6rrdXp9xhxFjcNi6sPZLZan/9k=\", \"/9j/4AAQSkZJRgABAQAAAQABAAD/2wBDAAIBAQEBAQIBAQECAgICAgQDAgICAgUEBAMEBgUGBgYFBgYGBwkIBgcJBwYGCAsICQoKCgoKBggLDAsKDAkKCgr/2wBDAQICAgICAgUDAwUKBwYHCgoKCgoKCgoKCgoKCgoKCgoKCgoKCgoKCgoKCgoKCgoKCgoKCgoKCgoKCgoKCgoKCgr/wAARCABFAB0DASIAAhEBAxEB/8QAHwAAAQUBAQEBAQEAAAAAAAAAAAECAwQFBgcICQoL/8QAtRAAAgEDAwIEAwUFBAQAAAF9AQIDAAQRBRIhMUEGE1FhByJxFDKBkaEII0KxwRVS0fAkM2JyggkKFhcYGRolJicoKSo0NTY3ODk6Q0RFRkdISUpTVFVWV1hZWmNkZWZnaGlqc3R1dnd4eXqDhIWGh4iJipKTlJWWl5iZmqKjpKWmp6ipqrKztLW2t7i5usLDxMXGx8jJytLT1NXW19jZ2uHi4+Tl5ufo6erx8vP09fb3+Pn6/8QAHwEAAwEBAQEBAQEBAQAAAAAAAAECAwQFBgcICQoL/8QAtREAAgECBAQDBAcFBAQAAQJ3AAECAxEEBSExBhJBUQdhcRMiMoEIFEKRobHBCSMzUvAVYnLRChYkNOEl8RcYGRomJygpKjU2Nzg5OkNERUZHSElKU1RVVldYWVpjZGVmZ2hpanN0dXZ3eHl6goOEhYaHiImKkpOUlZaXmJmaoqOkpaanqKmqsrO0tba3uLm6wsPExcbHyMnK0tPU1dbX2Nna4uPk5ebn6Onq8vP09fb3+Pn6/9oADAMBAAIRAxEAPwD9wpJBGfm69ea4X4p/EC/0QX+meHA8l7YafbXV5BOjwpHHcNKInjm2GIyZglyu4gfIX27039jfyXWPKtEjmDjJRsruz2yTgZryX9oHxBr8fw316K58N3Kmw02XUntbq8CG8WJd6RQlGIYu21W3ZAZckEZFdGPm44SVvMzwEVPGRT8jyq28b/H2Pxdpd8vjrRpmhN1HfabBcy7Z9rmW3wW3FsgqkjRj5UJZQQMH6a0nXZL3RbGfxDZrp9+9lE99YWbLepbTMoMkYkQKHCvuUOFAYLnAOVHyd8Bfjm/jzxncxp8MNU0iextI5LO6hu4pHa6WzgaW1lCurwSLNLJEpQFSI1lyu6vpjTkupllEK6lNtlIYrbxwbTgZQs80AkZTlPkUqoRR1znx+HJSdGcpSlue1xFaUoRhGOx1Goi8nhK2+ofZm3ZaYRCQgfjwPxz9D0PH+KrDQP7Ivbe/0/VvEs0q/wDHldl5A37tk8srGiLFH825kXBJCnFdnMSM47gisPxJb3SaLdpca+1hAsBMk9vbb2Qeo9T+I+or6OtCLpSXkfPUZezmmtj5z/Y80kaH8RPiJpGn+Cbd/tviW3vdVt54lg+zMbOFEaMEkxKwiHygc7cnmvpe3nuplLanpgUg4A+2qQCOv8P0r47/AGV/F+i+Iv2vfit4Qu9TuIk8OXOlLCYNIMLyzS2srOrLISyIgCFTzncWwM/L9eSWfljeNancOxIaSWNj277a8rIY2wrXm/zZ6OauPtbx7I2JWySfY9f/ANRrnPGk3hux8PXt5q2nC7jjhCyxzxuVVWYKTvC/KADn1445xXSSYydq5GDkYzXP/EPV9e0bwbqd74WsJ5LuGEHNsisUQ4DfK3yn5SevA6169V2ps8ykuepH1PiD9ibxR4bvP27vjlPPaW80S/2NbW9itxLJDBcQwzJJMr5LSlzsOGwFztT5Vr7iLaRMu+ERlSx/49XVQDxnK9Qc+tfFf/BOLw58TdN/aL+NvxVvpp7qTxP42t4dajh0aIm2ktrKELHvB2xgRyR5A53Et1DV9qyxRSnzPK25JwGPP4kNg/WvKybTCN+b/NnoZo/37j5I3XOOBjPvXmH7Utuup/DhfDX/AAkhsbjVLyNLWMQAtcsPkCDJA4aWMnnoD16V6bIwcYI7Y5OK+a/26fFvxAu/GfhPwJ8LZbSy1O31GCZtT1HTi8cJnWdYSGlXypEVopZG53IYlD8GuzHO2Flpe5hgFfFLyLn7LHwfn+Hfi3xFqng7xb9s0O68RX1xcRKgjZt6hF3AgEqSikYJ5UV7k+AB5i4OPu7+lcl8CvCzeHPhzp8t7FtvLiHbNizMCsqvJh0jP+rD7hIV6jzAOmK7Kqy+l7DDqNrXIx1b2uJcuxfZiqlh2Ga5H40+I18JeDLrxSbeaWXTLd5bQxTqjxu7LHuUsjgY355U9O3UFFdRxrcv+FAp8Lae8Ly+X9mjAE8pkfLKJCS55PLkewAAwOKvSEkjPpRRQWf/2Q==\", \"/9j/4AAQSkZJRgABAQAAAQABAAD/2wBDAAIBAQEBAQIBAQECAgICAgQDAgICAgUEBAMEBgUGBgYFBgYGBwkIBgcJBwYGCAsICQoKCgoKBggLDAsKDAkKCgr/2wBDAQICAgICAgUDAwUKBwYHCgoKCgoKCgoKCgoKCgoKCgoKCgoKCgoKCgoKCgoKCgoKCgoKCgoKCgoKCgoKCgoKCgr/wAARCAA4AEUDASIAAhEBAxEB/8QAHwAAAQUBAQEBAQEAAAAAAAAAAAECAwQFBgcICQoL/8QAtRAAAgEDAwIEAwUFBAQAAAF9AQIDAAQRBRIhMUEGE1FhByJxFDKBkaEII0KxwRVS0fAkM2JyggkKFhcYGRolJicoKSo0NTY3ODk6Q0RFRkdISUpTVFVWV1hZWmNkZWZnaGlqc3R1dnd4eXqDhIWGh4iJipKTlJWWl5iZmqKjpKWmp6ipqrKztLW2t7i5usLDxMXGx8jJytLT1NXW19jZ2uHi4+Tl5ufo6erx8vP09fb3+Pn6/8QAHwEAAwEBAQEBAQEBAQAAAAAAAAECAwQFBgcICQoL/8QAtREAAgECBAQDBAcFBAQAAQJ3AAECAxEEBSExBhJBUQdhcRMiMoEIFEKRobHBCSMzUvAVYnLRChYkNOEl8RcYGRomJygpKjU2Nzg5OkNERUZHSElKU1RVVldYWVpjZGVmZ2hpanN0dXZ3eHl6goOEhYaHiImKkpOUlZaXmJmaoqOkpaanqKmqsrO0tba3uLm6wsPExcbHyMnK0tPU1dbX2Nna4uPk5ebn6Onq8vP09fb3+Pn6/9oADAMBAAIRAxEAPwD9yyQBk0wkk9ePSlc5OBSZGcZGfSvUPPCkZlH3j05Ipu7cyj1OF9zVW5v4dJT7XeSbIQf3kj4ARgRjJPQZ79utAr62JQQL1bdOTKCY/XgZOPU4P61gePPGOmeELKRJNNv766+yNOlnZWgkcqOcsWZVX1wTyOgr5k/4KFf8FB9O+FF1pHwg+AHgo/E3xpq1sb6Pw9o11OE0yFCWN1eyrgxROvIDNGNsbF2Cnn5y8R/s0/8ABQT9uWfTtc/ad/am1fwdpdpIsNz4b8DWZcPbFf3ewxliHkO4NLcNkEEhGK8eZWzHlm40o3Z6FHBpx5qrsj9AfiP8cPhD8NvCVj4w8ceK/wCy7HVIopraWW0kkOJXVFMixBtmHbaQeSQ2OhxV1PSvhv8AHH4eT2N3cxa/4c1uCS2aW0bYvBwSild0cqtz8/I44wa/Lf4z/wDBLPwl4P0mLXvEHxT+IvhTU/sdxcw6xrC6ibPWfIL7y8pdkgkkKgqkiLgjOMFWb6w/ZI+Ktl+zz+z3pPwQ8O3dxrTeEo/tWo6t4gjMb6vDPI80igjY0U8RlEQZ/MYGOJWyvzFYfH13WUa8Uos3lhYKF6Tu0cp8Y/gX8J/2XE0zwd4z8Kv410y9NzdaHO+rNaTWSmXEkLrskDc7CGUgHniivrLxb8O/hF8XrDTPEPibw1b+JLVrUTaTdXrOpEEqJIpC4wu5Sh2gYHbrRXNX4fo16rmlozqpZvKFNRlLVHtBPykhsEDr6VB9riMvkSOyyAZK46inSSPEC43rgffVckVgaxr9jaQtLfNIFDABrONmmQno8aY3t7pj5lLYBOAfeSvseBFc1zYllErfYLhXX7U2yFoxzn+77nvj2rzv9oL4+fDz4L/D7WfEPxZ1n7BpOm2Rubi9hw6SbRuSEQ5DO3yZbacLwSemYvGP7Rvww8MalB8NvHPivTYdY1aa7s/DzCUrFeXkS5ijKMd4lZk3bY/MUKq5K78V8M/tU+NPGX7bPjXT/wBn2S62aefEcH9t6/eMI4nsIpUDfaoYAqqxliL5A+ZULMAsaY8PNc1o4Whyw1nJ2SW7Z6WCwM5z5pqyI/8Aglv8Dfip8adf8Z/tnfGOK+udT+JfiF5bfTr1HhsbjSoJFMVuwEm1yZAWw2DH5KEFWKmv0d0m20bRBjS7K5spgNhnlkZpHVegYhyGUDGByAQMcCuK+EfwmtPgD8PLL4b+CrmJLC0iXbbtOzRSPjDMrds8c7TkAZJNdJDfXMr7ZocbVI4O4KfQE9R+X0r0Mvwrw9FOfxdfUwxdR1JNLZG8uqyCKRZHV4peLiF03JICQDuVvl+YE5wOmR1Ir81f2+fDPwG/Zc/aQ8A6F8S/ihrNxpfibxtZahoGjTWMl4+mad5Zsr/T4oVjb7XA8LqTK2Zd9ugPzRIT+i9u8uMbuSoAx154/rX5u/8ABxB4D8f+PovglrXw00q8v5dKv9astTtbSUiNRdRW/wBmmYEbVbzI5FWQkbdpYcIGE5jSjLDuT3Ly6UniVG+h92/DZvG154D09NeOmTy24e3sb9bk3g1GwRttrdkhYBFJJEAXj2nDAksSSAVzn7DHhK98L/sVfCfw9d/bLi4i8CWU15JfyOZmnm3zOXaRmZmJfncSfwxRXrYWMHh437HFiPdrySXU97eGWWUQqrYfAGEJzyOmP8DnpxnI+f8A47ftmfs8+H7nVfhF4p8R6rJqE73FnGn/AAjsptprxNmY1kkx5qg5AZBscxyIjs6ED2/xNpFl4h0i50a68uI3VpNDDcHduhkZGCyAjkEEggjkHpzivyN/aO0T4yfAL41n4ga1pEmt3Wn3MUeraXNM1z5kcVz5iNGzDejlpOeCRwCxTJr5DiHOZ5U6atpN2v8Ap5H0WQ5VRzLnlOXw9C1+3hrfxZg1m3/a40jUI4bxNGtPDWkaW8Mr3M108vlFrCBFCxlIzK8nZyuOpZV+n/8AgmDZ/DvVfhbDrepeADda1q0Yk1fxfq6LG13O2BDCEYhhG7LJHHGfMLGHOBxnlv2Q9Fuf2lNZ1TxD4gi1jQtL8PaZbDTF3+a06ztKi7GKoYnjdHHluHJjZjvfOT9PeHPBsei62NJ8b29hr+mazZBEv59NQus6OjpC6nCptjjOwRgAmPOVPDcuUZbOti1i2+ZPa5vmuMp0aToLSR27aTa2u+LTmktF8wkwq52bu+EztQ5znaADxUsVjI23zDkngkL14pdM0F9MiW107UJlSMBY4Z5WkwuBwGYk49PTFatvbhGUkYOfmy3FfatWZ8rdlIW4SNnZSxSP5QgG4nB4Gememe2c1y3xU/Z2+FHx5+GOtfCH44eE117R/EtwJ9dthqM9s0kgAVBHPbyRywrGgESmN1OwEn75z3axK3LR4IpGVQCcc1MoxkrS1QRlKDvF2Zlx6Ppthp9po+nafFDa2NrFbWdu67hDDHGsaICxLHAXGSSSMZJOaK0TbrJ8zUU1eKsiX7zuyzcq2zLjIIIOR0zXmnxr+AXw8+OGneR430FpbyFXFrqMMhjniDLtYFl++pH8JzkgAjGaKKxrUKOJg6dWKlHs0a0sRWwsvaUpWki94Q+Gvg7wJDPY+BvCNhpcd2Y3vWtogJbt4oliieeQ/NKyxoiKSflUEADJzvx+H4bm2ms58+XKwYAcFGQhlKnsQw/Wiito0qdOKjFWQpVZ1JNyd2bMFvIBulcbjy2F4Y9Sw9Ac9Oxz6ipliLHC8/UUUU2knoRdsc8bDhhimMir8xGaKKQDDGTyoooooA//2Q==\", \"/9j/4AAQSkZJRgABAQAAAQABAAD/2wBDAAIBAQEBAQIBAQECAgICAgQDAgICAgUEBAMEBgUGBgYFBgYGBwkIBgcJBwYGCAsICQoKCgoKBggLDAsKDAkKCgr/2wBDAQICAgICAgUDAwUKBwYHCgoKCgoKCgoKCgoKCgoKCgoKCgoKCgoKCgoKCgoKCgoKCgoKCgoKCgoKCgoKCgoKCgr/wAARCAAZADQDASIAAhEBAxEB/8QAHwAAAQUBAQEBAQEAAAAAAAAAAAECAwQFBgcICQoL/8QAtRAAAgEDAwIEAwUFBAQAAAF9AQIDAAQRBRIhMUEGE1FhByJxFDKBkaEII0KxwRVS0fAkM2JyggkKFhcYGRolJicoKSo0NTY3ODk6Q0RFRkdISUpTVFVWV1hZWmNkZWZnaGlqc3R1dnd4eXqDhIWGh4iJipKTlJWWl5iZmqKjpKWmp6ipqrKztLW2t7i5usLDxMXGx8jJytLT1NXW19jZ2uHi4+Tl5ufo6erx8vP09fb3+Pn6/8QAHwEAAwEBAQEBAQEBAQAAAAAAAAECAwQFBgcICQoL/8QAtREAAgECBAQDBAcFBAQAAQJ3AAECAxEEBSExBhJBUQdhcRMiMoEIFEKRobHBCSMzUvAVYnLRChYkNOEl8RcYGRomJygpKjU2Nzg5OkNERUZHSElKU1RVVldYWVpjZGVmZ2hpanN0dXZ3eHl6goOEhYaHiImKkpOUlZaXmJmaoqOkpaanqKmqsrO0tba3uLm6wsPExcbHyMnK0tPU1dbX2Nna4uPk5ebn6Onq8vP09fb3+Pn6/9oADAMBAAIRAxEAPwD9y72/s9KsZ9Y1G6it7Wzhae5uJnCpFGoyzMx6KBkk8dOucA+P+Dv28f2Y/Hvjw/CjSfiB5WtSfaBYxz28gju2SZkiSOUjmaVFMiwY8zYrHgLk9f8AtI6LrniL4DeKtG8N+T9tl0ssnnyiNDGjrJICxICgorcnjt3r8tv2a/2b/i74k/bBS9179lqTQ9R074kWmpa341tUu7FxYWcK3ECXEk8WEkd5sJCg2yRTAs2A5HDmmZ47CY2EKULxau387W/U7sqyzA43CznWnaSeiP1WsPFDXviOKQ2Dx2t3qEZT97tKH7yueq7WUEqoPO0k4NdIZNm9WGChCsMYG7vx254x7V8TfDzU/wBpPwn8VPiT4v8ACvwpsdfS41SK0k0fU/ET2l7bSpEnlR2wnPkrBJv25AwS28Abip62z/bR+KHgyGS6+K/7Ffxp0FIZFd/7EtrbxDbeaGG9WFrMXkLbT83lkYbquMVths4pzgnVTTf+djnrZa4yapvQ+rjkAA/hTPM9q8L0T9vf9ne/1DS7O6+Mmm2F54liI8O6b4otptMvJ5Ef54xBcJC29Rn5WOeDywrv/CPxs8I+MNCj1Pwxr2j6xzKXfS9URkG1mCYABK7lAJDHHXBIxXdHMsFJ251ft1+4454PERV+VnZ9aK5vVfid4a068Ni9lqk7xou9rS1WRFYgMVDM/OM9uPSiutVIvqc3KzpjJjOB2qh4qkm1DRZbO6mkk81NkeJiArEHDcf3eTz3HtVx+n4VTuv+P+D/AK6D/wBBaqspK7SDWOkXbQw9I8M2MVrdS6y4u3mP2eATRqscMYJDeWv8C5MgwejoWHLCp5fDHh5L5pbRpbPci7YbaXZFHIAQJQpBAbCkkDgkEsCW4sWv/IOtv+uP/szUiffk/wByolRoy3ijWE5PS7+857Xvh9o+veHvs+txWmsEXTXCw6raK6pweE3h/Lc4JLIoyDwBXnC/sR/s6+GPEOjeKvCvwE8MRatpSwCDVtM3WTxSoQdxRGTeg+bBKtvHBA7+tz9/900l3/x7x1zTy3BVZqTgr9+p0/WsRTjZSdihqMOqvqE8beD3uVjlKxXEV7HGsi9cgBxgZJ4xkdO1FW17/Wit1hKaRn9Yb6H/2Q==\", \"/9j/4AAQSkZJRgABAQAAAQABAAD/2wBDAAIBAQEBAQIBAQECAgICAgQDAgICAgUEBAMEBgUGBgYFBgYGBwkIBgcJBwYGCAsICQoKCgoKBggLDAsKDAkKCgr/2wBDAQICAgICAgUDAwUKBwYHCgoKCgoKCgoKCgoKCgoKCgoKCgoKCgoKCgoKCgoKCgoKCgoKCgoKCgoKCgoKCgoKCgr/wAARCAAgAF4DASIAAhEBAxEB/8QAHwAAAQUBAQEBAQEAAAAAAAAAAAECAwQFBgcICQoL/8QAtRAAAgEDAwIEAwUFBAQAAAF9AQIDAAQRBRIhMUEGE1FhByJxFDKBkaEII0KxwRVS0fAkM2JyggkKFhcYGRolJicoKSo0NTY3ODk6Q0RFRkdISUpTVFVWV1hZWmNkZWZnaGlqc3R1dnd4eXqDhIWGh4iJipKTlJWWl5iZmqKjpKWmp6ipqrKztLW2t7i5usLDxMXGx8jJytLT1NXW19jZ2uHi4+Tl5ufo6erx8vP09fb3+Pn6/8QAHwEAAwEBAQEBAQEBAQAAAAAAAAECAwQFBgcICQoL/8QAtREAAgECBAQDBAcFBAQAAQJ3AAECAxEEBSExBhJBUQdhcRMiMoEIFEKRobHBCSMzUvAVYnLRChYkNOEl8RcYGRomJygpKjU2Nzg5OkNERUZHSElKU1RVVldYWVpjZGVmZ2hpanN0dXZ3eHl6goOEhYaHiImKkpOUlZaXmJmaoqOkpaanqKmqsrO0tba3uLm6wsPExcbHyMnK0tPU1dbX2Nna4uPk5ebn6Onq8vP09fb3+Pn6/9oADAMBAAIRAxEAPwD9qKTLf3f1rjfjD8XLv4P/AA21f4i+IPBOp3MOlxxv/wASCJdQWRmmjjRWj/dtHH5ki+ZIy7Y490jNtVmrgPE37eHw+8B6Z5fxC8E32l6p9vjsE0/+1rdYprqRlVY47mby1+bzI9u5fm8yP7u6vXqY3DU5+zm7XOKlhsRWhzRVz277zbP73Wo13+WyfxL8tfL9x/wVd+B11q2zRY9PsdJWzjlivPFmoTWst0zLueONYYZFVY2/d+YzbWZWbbt27nXH/BTz4UXXxCudN0Txt4BtvDypCsU2tazeRXUzbV3MrLCscaszfL8rfKu7+LavC86y9PWZusuxrj8B9Oq24UjPhtj/AHa8D8L/ALcnhjxF4qurlPH/AMNU0Oa8aLTbOPxbHLcyLGu2RmufMWPzGZW2r5flr/eb71S6R+2OjLqHiHVfE/w3ubPymn07SYfFCxS+X5ixr+/aRvM27laTbGrbVbbWizXByXxXEsvxX8trHt15N5emtch8bdu9m/2mVf8A2aiNpm1iWztkzLGkbrGqfMzbm2/+PKy14De/tV+ItP8AAs+la14r8A3+p3Tqi6lb6jHBFY/daTdA0zfaFVd6x/NH8yr5lGuftyWPh+71LxOE8IwtY6M1vF/xWUKfbrhmWRLqOT5vIhVpGby5N0jbZP7q7k82wcIt81rDWWYqTXu7nc+JvjV4N8N+CobDw9qq61qesay1vYW+kusu2Sa8khkkkk/1caw/vN25t3y7drVf8a/GX4G/AbwHF4p+Lfxr8LeEtBe4WKfxN4y1uHSraa6k3blWS5aNWkby5Nsa/Mqx/Mqr81fktqn/AAUs+Kmn/FDw58EfD095Z3OmeI1tUXT7i41zR9ahZZI5Gkk8mNVVpG+0eY0jNG33f4a6j49fGz4l+KP2gPhf4k8Z31xrEPhXW99hcXlvDdSSW7RtJOu2RVj3SRxyR+Z/urtrw3xVTipe5r0X/BPZfDk5uNp2v+B+rNx4l8L+B1RNMsdQv5/EF19vt7XR92oS3CyeXuvN3meXHb7drbtyx7f9WrM22utgnWWINAZMe6Yf8a+Hv+CdP7UnxL+Lnxm8U+HtT8GWNv4e1SwjuLC6uJVS80/Uo5Jt1n5SqqrG1rHGyqv8Ss38W2vtfTpXVCsnX/fr28ozKnm2EWIjo3o12fqeRmeAll2K9k9fPuLcXCTRy2c0O9JImSWNkVlZWX5lZW+VlZfl2t8vzV4n8eP2J/hv8bPCv/CM6VqtxoJj1SPUYo5N1zZ+Yq7fLkgVo28ttse6OORVby13Lt3K3slyu6Q/71UbqeaP7iLu2LXfWoUay/eRucVOvVou8JWPlvR/+CZN/wCA/EK3Pgn496tNYx6HHp1reTazcaZeWcaqyyR7baOSGe3Zm3KrL5irtVmbburj9V/4JTaPq3jbU/D2px6he+G21JWi1SPx1HEnl7Y1kVraa3aRWVV2sytJuZflb5mr7A1TUrmGPYnzO25VZf4aoNdXMcKpG7LtfczfxV41bhvKpOzpnoQzfHKz5j4HH/BDL9mHxH411PS/FHwY8Zrcw3kyRX9j41jTT7hW/eRzLM0a7Y/mX920fmK33lrnPCv/AARI/Zvu49U0iw+E/wAVv7SsbVrWXT5NUt4o90ciqyxyyL5cm5V3RrHIzSfLt+9ur9D4bm5hTzn3ZkZpW/4E33f++dq0lrfXlrYr88nyqz+X/dZvm/8AQqj/AFfwKSUdLGizjE6u5+b91/wR5/Za1fwPN8QPD3gb4rf2bbzrLql1JdLF9lXbtk/dTQrNJtaTdI0ccixrG26tWb/giX8NPEGrS+D7/wAPfEjdJpMdxoNwt/pcUc0KrGrLJu2+XMsjbfLk2yN+7/vNt/QS4urttJ/s15m/492g++38St/8VWZDe3M2vxag7tvWwji/76kZmb/vpVrP/VrAOTfU2Wc4lxVz8efBP7K/7W+g/FC4+GPwTtb7w3oVxP8A8TvS7OKzvpNWsbe4aNpL1pJJPsjfKvmQxqu1lb7y/d9A/bk8E/EvwH4f0T4nQ6atn4et9Zs4tLvLj90iyeTG37yb/VxxtNJJGu7asixttWv0Euvgv4b1Tx14vfR9b1LQb/xJFHqj32l+XsW4kjmt5JGhaPbIzMscjbvmZt1aXgPwoniTwbeeDfiFpWn6jqkf+h+JtP1Czjn07UF2+Wsi2knmRtayRq26Nlby5Ny/eXc3k0+GIKq+i1Vz1ZZ6oQTSPn3/AIJ8/Arwl8O/jHZ/G/TfjAupeBo9D1LTtLvNF8Rw6hpWoalJcR7vMuY28tZrdo7mP5m2/NtXazba/QbwxeaXeWmdJ1CK5jCL80Ugk/VOK4PwD4R0fwz4dtvCXhXw9pukaPZ2a2tr4f0+whi0+GH/AJ5xxRqsax/e+XbtruPB2iaP4X0i38P6DotjpthaQlLWx020jhghXd92OOMIsa/7KjbX0+T5ZHKsIqKd9b3PAzTMHmOI9q1Y/9k=\", \"/9j/4AAQSkZJRgABAQAAAQABAAD/2wBDAAIBAQEBAQIBAQECAgICAgQDAgICAgUEBAMEBgUGBgYFBgYGBwkIBgcJBwYGCAsICQoKCgoKBggLDAsKDAkKCgr/2wBDAQICAgICAgUDAwUKBwYHCgoKCgoKCgoKCgoKCgoKCgoKCgoKCgoKCgoKCgoKCgoKCgoKCgoKCgoKCgoKCgoKCgr/wAARCAA2AEQDASIAAhEBAxEB/8QAHwAAAQUBAQEBAQEAAAAAAAAAAAECAwQFBgcICQoL/8QAtRAAAgEDAwIEAwUFBAQAAAF9AQIDAAQRBRIhMUEGE1FhByJxFDKBkaEII0KxwRVS0fAkM2JyggkKFhcYGRolJicoKSo0NTY3ODk6Q0RFRkdISUpTVFVWV1hZWmNkZWZnaGlqc3R1dnd4eXqDhIWGh4iJipKTlJWWl5iZmqKjpKWmp6ipqrKztLW2t7i5usLDxMXGx8jJytLT1NXW19jZ2uHi4+Tl5ufo6erx8vP09fb3+Pn6/8QAHwEAAwEBAQEBAQEBAQAAAAAAAAECAwQFBgcICQoL/8QAtREAAgECBAQDBAcFBAQAAQJ3AAECAxEEBSExBhJBUQdhcRMiMoEIFEKRobHBCSMzUvAVYnLRChYkNOEl8RcYGRomJygpKjU2Nzg5OkNERUZHSElKU1RVVldYWVpjZGVmZ2hpanN0dXZ3eHl6goOEhYaHiImKkpOUlZaXmJmaoqOkpaanqKmqsrO0tba3uLm6wsPExcbHyMnK0tPU1dbX2Nna4uPk5ebn6Onq8vP09fb3+Pn6/9oADAMBAAIRAxEAPwD9QtY0WQKy84PONwrm/Fmu+Fvhf4XvfiH448QJo+kaPB593qUi7jEc/IFUAlnLABVHLHjIGWHrGp6GCCxhLYU/IEBb8M9+341+dP8AwVu+Md3reuD4M+Hr1JNO0IvFdQxKGjn1AgKztnI+UkopHoexNenmeJjhMPePxPb/AIPkcmGUbucnZLX/AIB8h/tQftFfG6//AGjvDn7Wv7E9zZ+ENMtLHW5PC3h/auoXW9rv7PJNcW3lm3QySpJJBERII1534Clov2dP+CkH7dtz+0TN4p8feK49Y+JthoUuk+Fr/wAY6BZLZTxSB7k6e9vb+VsEkjOh2MjrHcsY5AQFN3xf4q8U3Hww8GSy61o+iW2k+HGl13VdQvVtfMiF5MCkWQTLO+MKmFYlOowDXceCPBv7J/xxsbPxB41+H+s+EJrCwSDRV8JaYryamqyCQz3VzPK+9igdVcR70PymQqFNfBKjj6XPKTUY3uuifofSxzXBYuUIq8nbXrY+6v2Hv+Cvv7M/7VfhW8i+JiN8I/GukAJq/hHxfqSItzPseSddMmZle7CeX80TRpMAQGTkMftHRt2pW8V7ZhpklgWZZYlJDKVBzn6c56YI/umvwd/ax/ZB0Hx2kHxC8H/HWPx7d6Zabf7N8WabFZa7NCsmEmlZN8dxcRxxpE0igCRQoydgYUfBv7e/7VGmeHfDnwzsv2hfF1unholk0i71GSOweOKRSjwmNs4D4Uq7FI2QALgc/RQzqpGkpVYfNHmV8DSdR+yeh/QPbbgVQ9xwO/PT+tXkPAweo4x3r4p/Zs/4K7fDzXNFsPBH7QGn6pL4hsIra11TxV4fs0ksrx5Ds+1SQx+X5JdiC6xhlBJICgYH2qqNG3KYyBtKn5WA7jpxkkDIzwfSvWw+KpYuF6b17Pc82tRnQfvrTuS8rwGNFAJPUYorTmRChJq5zKwJHfQzsMBZVGFOCckcZyOtfkb+3gPAnwz8bX/ir4w/EDTNAsrvVruK3m8QXkVmt45mJ/dCRsuMsDuwQODnpX653E5hk84SbdrKQ+TgdB25PX+vavxW/wCDlD9hTx544tR+0f4Ig1S+bwrIhk0q3jEsMukTM5eaKNcuslvI22UKDujBbgqK4M8ourOk27R1T+Z24CNOdOpGWvYxPAfh/wAA/FCGHxx8N/Fuk+INHK/6Paadf/aIIZkdhJJFIpDSEkfMpbAZSMjkV1v/AAh9ppGkR3PhE3N3a6WJDeaRMcXVm5+Z57d2yWAJDPA5KlQdh3Ba+Mf+CL/wi+OHxG8H/Enxv4N0nUp/CPhXUtKa3t9rKtzqdzM4nitXbA8wWsaySAE42RM4G4A/opp/w41yOK11TVuJEiH2iR1UNLEQOJMDllIb688DIz8lmb9k/Zzd1HY6aFBwn7is2chdaFYa3qGn6kJEl1LyvLkigyJpVb5hJEByWwckdSASd22vk/8AbR8C3Xwg8eP4y8OT3V7YxeVeWmZEBBeJmkjYJ8jl9rAsDhvlbCleftDXfC9noWqz3/8AakajRfs50y6gmUpGqTecnzLjpkruB6e1eb/tc6d4R8WeI7XWdK8hftlq82pS28irE4ADxzMg+RXVv4xjcAcgmvIpY2DlyO7TPoVg5zoq/wAWy9Ouh478CPGfh/xT4cXRfFuj3NxaX+jvHNZx3mZNkgP7tScfLtckgc/Nx0r9zv2Lf2nPA37THwZstW8M2j6fqmhWltZa7o0y7TbMsSrFIg/55OqHBPIKsp6CvwP/AGLtDtPDlvENfmM8KSk7ZkMrQQq4/dR7f4iANx9srnaM/tJ/wTD+GPw60vwl4v8Ajx4G1rULo+LdZgtGsb27MyWEVtbJ8sRcb1EpkDsrMRuTKgBiK+uytTp4r3YPVats+VqTp1Izp+0Xuvax9VeYw4YYPvRUcTRFBvLE+4or6pcttWcScbHMX4fcsYz82Bx9K5Lxz4Y0rxbYpb6tCXKNut5SudmcZB4JK53ZHfNdnf2jSv5ZZcqpI56GsHUolX5CFB/hx6VrOnCtDlmroinUlSleJ5dN8KI9JgSz0FYbaBWDGGMsqlSMFAN2AMAZ4PQelc1r/wACru5UHRrewiDOzqIrhWXk55BRc+nfrXrU8buOOcgqBk9/pXj/AO1X8YPH/wAI/BxufANlE19d20zW9z9jNwQIUZmbDNtVeNv+rc5YDHJI8bH5Tl7o89RP5M9XCY/HSqcsGr769jyj4rfsn+J7bSj4t1R9A07TdDjbN9rnia2srW2R12sskzsFxxgZyeMgHpXw1+1E3h7V9U0vwh8CvH+i+NI9ShuJdduPCtrPNZwIox5HnzJF5z4BYlF8tcKAzkHb7V4+8Y+NP2sPgFrnjn45/EbU73TPB9idVtdN8QacLeNLt1+VhDFGucrGcrg/wkYwa1/2DPgVb+PfiDBMfhne6jYWSSTRaklibdLYiFgE86VigD7lG0k/eJ7Yr5COAwbnN0acm4rZ7M66+c5jOEIK1p9f5fM4b9gr4JeD/GGpS+AdX0kzKYwbHS47AF7u5ZcrEjknhpMgk+22v0s/4J4fBz4o/AT9nc+FfjPZ6baeJ9S1+51PUrDSbpriCyDBIo4RIyrkhIwxGDtLYzXkv7CX7Gfi74W/E7XPjD8YLDSrC4ttZvl8E+HtKIeO2glkcJdSPvdpGWJtihiSpLEcEAfX+lkZEbg8oAT2AHQfqea+oyvLnSft56OSWnRHjObjR9lKzab97qzXV/lB2jketFRo0bLlwQaK9tuLdzK1PsVLmJZGJLHOf6GsnWLNvLAWTH4UUV0LYyMG90wiXBnO1RypHU9f6VVudKSKIrKiSRzksySAOGJHJIYED047E0UUrKUrPYG2Ymq+AvA+t6PeaHqvg3SZ7CWNWvrN9Lh2TqrAqCNvzAHHB7E1u2Vpb29jHZ2caQWwz5VraxiKJP72EX5Rk4+gFFFEYQjaSWpTnJq1zW0uOJACkeCvQ57Vt6eokKISQGHOKKKmZEG7mmoaMeWh4HAzRRRQoqxT3P/Z\"], \"detection_predictions\": {\"image\": {\"width\": 606, \"height\": 404}, \"predictions\": [{\"x\": 206.0, \"y\": 70.5, \"class\": \"Jentik-Nyamuk\", \"width\": 80.0, \"height\": 63.0, \"class_id\": 0, \"parent_id\": \"image\", \"confidence\": 0.7070794105529785, \"detection_id\": \"b0687e82-4b44-469a-9fef-abe88ef1ca10\"}, {\"x\": 383.5, \"y\": 107.0, \"class\": \"Jentik-Nyamuk\", \"width\": 95.0, \"height\": 54.0, \"class_id\": 0, \"parent_id\": \"image\", \"confidence\": 0.6605834364891052, \"detection_id\": \"8a33a4df-9458-4d2e-bc5d-83a4fd4e90bc\"}, {\"x\": 542.5, \"y\": 211.5, \"class\": \"Jentik-Nyamuk\", \"width\": 45.0, \"height\": 79.0, \"class_id\": 0, \"parent_id\": \"image\", \"confidence\": 0.5896929502487183, \"detection_id\": \"d09f532f-4d4a-4ca8-b3e0-d7d44ab6487c\"}, {\"x\": 33.5, \"y\": 293.5, \"class\": \"Jentik-Nyamuk\", \"width\": 65.0, \"height\": 23.0, \"class_id\": 0, \"parent_id\": \"image\", \"confidence\": 0.5659762620925903, \"detection_id\": \"44137d9e-36b5-4d77-aa1e-d4879254b016\"}, {\"x\": 156.0, \"y\": 328.5, \"class\": \"Jentik-Nyamuk\", \"width\": 72.0, \"height\": 69.0, \"class_id\": 0, \"parent_id\": \"image\", \"confidence\": 0.553337037563324, \"detection_id\": \"b5ad12a5-cd6c-4c89-993e-8fbf305ad5d4\"}, {\"x\": 52.0, \"y\": 253.5, \"class\": \"Jentik-Nyamuk\", \"width\": 94.0, \"height\": 31.0, \"class_id\": 0, \"parent_id\": \"image\", \"confidence\": 0.5239160656929016, \"detection_id\": \"549d143e-1c93-4559-89c3-6501341b19b0\"}, {\"x\": 16.5, \"y\": 114.5, \"class\": \"Jentik-Nyamuk\", \"width\": 29.0, \"height\": 69.0, \"class_id\": 0, \"parent_id\": \"image\", \"confidence\": 0.515381932258606, \"detection_id\": \"e473aedf-7e1e-4150-80ab-361cc5f2da1b\"}, {\"x\": 61.5, \"y\": 37.0, \"class\": \"Jentik-Nyamuk\", \"width\": 69.0, \"height\": 56.0, \"class_id\": 0, \"parent_id\": \"image\", \"confidence\": 0.4650394320487976, \"detection_id\": \"36ca702b-00d8-46d0-bdcf-05f4bc1ae5d1\"}, {\"x\": 446.0, \"y\": 52.5, \"class\": \"Jentik-Nyamuk\", \"width\": 52.0, \"height\": 25.0, \"class_id\": 0, \"parent_id\": \"image\", \"confidence\": 0.456964910030365, \"detection_id\": \"efdec4fd-94fe-4d3a-91bd-dcdbab5f3bf6\"}, {\"x\": 327.0, \"y\": 192.0, \"class\": \"Jentik-Nyamuk\", \"width\": 94.0, \"height\": 32.0, \"class_id\": 0, \"parent_id\": \"image\", \"confidence\": 0.4418737292289734, \"detection_id\": \"3308d59c-f2cf-4c0a-af5d-8bf89a544c05\"}, {\"x\": 541.0, \"y\": 100.0, \"class\": \"Jentik-Nyamuk\", \"width\": 68.0, \"height\": 54.0, \"class_id\": 0, \"parent_id\": \"image\", \"confidence\": 0.42586028575897217, \"detection_id\": \"c93942c1-4cfc-4eb5-acdd-2c9712aae24c\"}]}, \"bounding_box_visualization\": [\"/9j/4AAQSkZJRgABAQAAAQABAAD/2wBDAAIBAQEBAQIBAQECAgICAgQDAgICAgUEBAMEBgUGBgYFBgYGBwkIBgcJBwYGCAsICQoKCgoKBggLDAsKDAkKCgr/2wBDAQICAgICAgUDAwUKBwYHCgoKCgoKCgoKCgoKCgoKCgoKCgoKCgoKCgoKCgoKCgoKCgoKCgoKCgoKCgoKCgoKCgr/wAARCAA/AFADASIAAhEBAxEB/8QAHwAAAQUBAQEBAQEAAAAAAAAAAAECAwQFBgcICQoL/8QAtRAAAgEDAwIEAwUFBAQAAAF9AQIDAAQRBRIhMUEGE1FhByJxFDKBkaEII0KxwRVS0fAkM2JyggkKFhcYGRolJicoKSo0NTY3ODk6Q0RFRkdISUpTVFVWV1hZWmNkZWZnaGlqc3R1dnd4eXqDhIWGh4iJipKTlJWWl5iZmqKjpKWmp6ipqrKztLW2t7i5usLDxMXGx8jJytLT1NXW19jZ2uHi4+Tl5ufo6erx8vP09fb3+Pn6/8QAHwEAAwEBAQEBAQEBAQAAAAAAAAECAwQFBgcICQoL/8QAtREAAgECBAQDBAcFBAQAAQJ3AAECAxEEBSExBhJBUQdhcRMiMoEIFEKRobHBCSMzUvAVYnLRChYkNOEl8RcYGRomJygpKjU2Nzg5OkNERUZHSElKU1RVVldYWVpjZGVmZ2hpanN0dXZ3eHl6goOEhYaHiImKkpOUlZaXmJmaoqOkpaanqKmqsrO0tba3uLm6wsPExcbHyMnK0tPU1dbX2Nna4uPk5ebn6Onq8vP09fb3+Pn6/9oADAMBAAIRAxEAPwD72/Yj/Yl/Ze+Ln7MHhj4ifEP4YLqWsagL37beHW72Hf5d7PEnyRTKgwiKOAM4yecmu28ffsTf8E8fhfYWeqePvA2maRDd3sUEB1PxnfwCbc6K2wNPlyoYE4wB3YEgCf8AYT8Z6N8P/wDgn/oXjbXph9k0bSdav7mJXUPLHDeXkjKuT944A6dwR0r8xfi38fviX+2j8Zo/EWuG8i1qfUirxPKs1ra2wm/c20G1ggi4BdzgttCghmZq+28Q/ELiXI+JcXh8Pi638aqklVmlGKnJJJKWiWyS2PrMPRzLH5nib4icYQnJJc0u7skr7H6mL/wTj/YoltEv4fg9G0E8W+3uI/E+oPHInygSKRcYZcsOVLD5qfL/AME5P2J4ZY7aT4MIJJWKIp8SalkFeWJ/0j0P5/WvLv2C/Heo+A9K8VeC/iveBLm7ubPUjqfmR4u5Ej8hmkZcIZnCWsGyLcAkCNuZs19NeHfEq+IdS1XxZrcY0zTrGOO1sWu5lDhmO6d3XAKZlEcSrgOfLG3lgBxYHjzibG0Iy+v1lLqvbVNP/JjwsdXznBVZRdedu/NL/M8+i/4JsfsUuod/goFz2/4STUuPb/j5qUf8E0v2JOh+C3/lyal/8k17HZ3lzep9rnspYIt/7qGdNsjqe5H8P07VeRwvBcZ9K7nxdxVt9fr/APg2p/8AJHn/ANrZpf8Ajz/8Cl/meHn/AIJofsSdvgr/AOXHqX/yTR/w7R/Yl/6Ir/5cmpf/ACTXuSsw708MCM5pLi3it/8AMwr/APg2p/8AJB/a2af8/wCf/gUv8zwof8E0f2Jc/wDJFP8Ay5NS/wDkmuV+PX/BPb9j7wZ8CvGvjLwz8IfsupaR4S1K90+4/t/UH8qeK1keN9r3BVsMoOCCDjkEV9QVwn7UYY/sy/EYg8f8IJq//pFLXblfFfFFTM6EJ4+s05xTTqzs1zL+8dGFzTM5YmCdedrr7Uu/qeR/8E/dPsbz9inwY2oada3EYTVAy3Vukg2Nf3SnG8Fec4IJH0Oc15Z42/4Jw+BR451T4leFPiXqNlJHqIutLtl0OJUsoVmLQ2UbRtiVIt8qhmjEj7lMr74wz+v/APBO7Yv7E3gt5JAFDajwVyCf7Ruq9C8R+ENb8UvjXvE15ZacCH+w2axwyT7HD/PJsYrG2zaQBllLdDXjcd4ChjuJseqkbtVq1v8AwZI6K+PrYLOMQ4PRzlp/28z8tf20fi38YNQ8W3n7Lfwm0HxFYX3h+0tNTude0+VbOV7Ro2EiXULMGNu6gus8BZomc5yEOftj9j74nWeneAbHXPjn8aDrsenxs2kXeqWj3eoSort9n1C6xCZI5o7dWTzc7X8zOC6bh2tt+z78OPiX4q0fx/4p8MOkeg6m7aBcTosl7cRoyrHOJOXtAS1wBAoJZCC5GdtfOHx3/ZR+K2gfEPUv2jPhHeW2kSjU5Y7rw3qN0p07X1Wdir5jYPFApYSPIQo3BfljOWP5U8FmeSV/rMFzxe6/VHr1cdhc2peylo+598xXV0IVurqzNnDgMiT/AOsdCPlZgCdoPTAJ59quWzk7ZZYto5+U8kcdD718Kfsj/wDBTvRNY+JV78Iv2gZ7vw94ws7MxpoeuZWK/vEcebd2xUMXURoVUIGLb9o3bC5+1fAfi/T/AIieHbXxbpKyxWl60qWkEpRXkETFWYHJ3qcEh1ByPfNfZZfmeHzCkpRlr2Z8tjMBXwcveV13N5GGAQTjHenhg3SqscwuAr2z7o1bAkHRx6j2qygXkg/hXonEShlI6iuF/ajP/GMvxGwf+ZE1f/0ilrt1IB5FcR+1GQf2ZPiLj/oRNX/9Ipa7co/5G2H/AMcP/SkdGE/3un/iX5nnP/BN0AfsV+Cm2j/mI9/+oldV7Dq+lJqFr9kORGTmRR0NeR/8E1m/4wn8Fg/9RH/05XVe3tDJI5OM++a9Pi3XivH/APX+r/6ckdGa/wDI0r/45f8ApTOev9MeFMW24NsCRheMHjn8AB+VZXiDwzp2v2Ufg7U7ES2bR5uF+ZDtClVVXQhk3NwSOcAjoa7Ga0we+4LnIA6Z5qhcaaqySSo2CQTgjrxjH5V87KKkrNXOCLcXfqfLv7V/7Anw0/aV1b+zNd8G6FDZWES3mma9Ggs5/DPlfvAbaVD5i7l3sUKNHuIkbGWz8up4s/ad/wCCfOoab4S+J3ibW/FvwngtWt4vE0Tyf2v4T02O5+ZrqKJR58IV0cToCPMcEErI2f03gie1LXJByxVt2ed2Ac+3p+JrkfHXwc8P+KvB2q6XpemW9lealcia5wHIuNqOFgxkhFUHIUL5Zx86nqfFxeUxv7WhpJHsYfM3L3K+qM34D/tn+Cv2ihp174IuNMvNJ1q2mm0/U7DUEkS1tooyxnmAYAoduzeAhjcpuQA5Ps4jYKl0JRtkjDo24MrIRkMCOp/T04r8ufi3+yP8TP2NfGtrP+zFol1INfsn13XPA+nKIrB7lpljWKzliymQ+F2hQrAuR5RK17b+zH+19J+z94T0/QPiX4YEXhzWNTRbXWLa/kltbe7kZi1rukdvsk/mFisUvM6qXQfNk4YHNasJeyxCs+5eJyynKPtaDuux9uc9wRx3/nXC/tRE/wDDM3xFGf8AmRNX/wDSKWu003V9G8QafHrfhzVIL+xudzW91aSB0kA5Iz2IzyOuRzXF/tSAD9mj4jBSSB4F1cDI/wCnOWvr8nalmuHa/nh/6Ujy8JdYyCf8y/NHA/8ABNb/AJMp8F/9xH/05XVe6YB6ivjT9iD9t/8AZe+EH7L3hj4dfEX4nf2drOnfbftln/Yt7N5fmXs8qfPFCyHKOp4JxnB5BFer/wDDyn9in/otH/lual/8j19jxRwxxLiOJcbVpYKtKMq1RpqnNppzk001GzTWqa3PVzPLMyqZlWlGjNpzk01F2au/I902qMsVXGMcioLi3K/OOuCeFHFeJH/gpT+xQeD8aP8Ay3NS/wDkeg/8FKP2J2GD8aTj28Oal/8AI9eH/qlxV/0AV/8AwVU/+ROH+yc0/wCfE/8AwGX+R7BdWKyoSCeTg/IORgf4VUuLYqdodwM5OF6nIP8AQflXkr/8FIf2J8kL8ZwV7D/hHdSz/wCk9QS/8FG/2LWyo+MvBx08PakP/bej/VLiv/oAr/8Agqp/8iNZVmi/5cT/APAJf5Hsb21nqz2setaZbXi2Vys9nFdxjEcoGFkQ8GNhx86nIBxXy3+1v/wSZ+E37Sdouv6HeINX03WYNU0a1ub17KKS4i3BEmaISRMpV8b/ACPMG0NliDu7kf8ABRf9jVXyvxkXHmEj/intS6dP+ferEX/BSL9jRSRJ8ZAVIII/4RzUSCD/ANu9c9bgjiTEfHl1a/8A16n/APIm1HBZ5h37lGdv8Mv8jA+Bfi7xP+x1P4L/AGa/iHdeIPEMmp6lPb67r02izPbT63e3RkENo4AeKzggaT9/KFgEUKKCsuY19p/akBT9mf4ixE5K+BdXGT1P+hzcnpj6dq87l/4KRfsT3NtJY3fxfjmimjMU0U/hjUHjliIOY3U23zIehXoQx7gVxvxa/bx/ZF1b4A+L/hp4T+MMt7Nf+D9RsNEguNH1FpfMktpI4oGllg+ZcsqrI53AY3HgmvQybhHinDZlQcsDWUVOL1pT095av3TWjl+ZSxUJSoTWqv7r7+h//9k=\", \"/9j/4AAQSkZJRgABAQAAAQABAAD/2wBDAAIBAQEBAQIBAQECAgICAgQDAgICAgUEBAMEBgUGBgYFBgYGBwkIBgcJBwYGCAsICQoKCgoKBggLDAsKDAkKCgr/2wBDAQICAgICAgUDAwUKBwYHCgoKCgoKCgoKCgoKCgoKCgoKCgoKCgoKCgoKCgoKCgoKCgoKCgoKCgoKCgoKCgoKCgr/wAARCAA2AF8DASIAAhEBAxEB/8QAHwAAAQUBAQEBAQEAAAAAAAAAAAECAwQFBgcICQoL/8QAtRAAAgEDAwIEAwUFBAQAAAF9AQIDAAQRBRIhMUEGE1FhByJxFDKBkaEII0KxwRVS0fAkM2JyggkKFhcYGRolJicoKSo0NTY3ODk6Q0RFRkdISUpTVFVWV1hZWmNkZWZnaGlqc3R1dnd4eXqDhIWGh4iJipKTlJWWl5iZmqKjpKWmp6ipqrKztLW2t7i5usLDxMXGx8jJytLT1NXW19jZ2uHi4+Tl5ufo6erx8vP09fb3+Pn6/8QAHwEAAwEBAQEBAQEBAQAAAAAAAAECAwQFBgcICQoL/8QAtREAAgECBAQDBAcFBAQAAQJ3AAECAxEEBSExBhJBUQdhcRMiMoEIFEKRobHBCSMzUvAVYnLRChYkNOEl8RcYGRomJygpKjU2Nzg5OkNERUZHSElKU1RVVldYWVpjZGVmZ2hpanN0dXZ3eHl6goOEhYaHiImKkpOUlZaXmJmaoqOkpaanqKmqsrO0tba3uLm6wsPExcbHyMnK0tPU1dbX2Nna4uPk5ebn6Onq8vP09fb3+Pn6/9oADAMBAAIRAxEAPwD73/Yk/Ym/Zb+Lf7L3hj4ifEb4XHUdZ1Fb43l7/bV7D5nl3txEnyRTKgwiKOAM4yeSTXVeP/2Rv+Cavwy1zTfDXjrwnYabf6tKq2tpL4p1IypG27bNIqzt5cZZdvmNtU9q6H/gnjrdloX7DPhbWr9m8nTrPV7qVFTLMI768kbb/wABWvzO+M3xI+Jf7Vv7ZltDfXOoaVY61ax3WrrNdLGsy7pI7aNmjVpNvmbY1jj+7uX/AHa+28Q+PuKMj4mxVDDYytrWqpJVJqMYxnJJJKVlZaWR9TRp5hj8yxP+0TjCMpJWk+7032P0g8IfsLf8E/PiL4Z0rxz8PPAdjruiayjPpuq6P4q1Ca3uFXcrMri5/hZGVl+8rKy1dsP+CdP7F154jvtMHwaJjso4Uf8A4qHUceZIC/X7Rn7gH/fVeVfse+NvEnwJ+GOqeFdb8WyavpUk9xqNhrGqfupIbpoY42VWab93bx+XtX7zfe3bflr3T4X/ABs8MeLtP8Q6r8M/EOh3utX3kqyzXU3lfbmhjhtml3btsfl+Wy+WrLJ93durxsF4k8RYqKhLH1lP/r7P/wCSODGUc+wt5Rrzcf8AFL/My4v+CcX7ErzSRr8GN2x9v/Ix6l/8kVYb/gmv+xIv/NFv/Lj1L/5Jr1+G3ttBs4rGF2mZmVFkkT55pP7zf7TfM22rkd15a7Bt3NXt/wCtvFf/AEH1/wDwbU/+SPF/tXNP+f8AP/wKX+Z4t/w7V/Ymxu/4Ur/5cepf/JNL/wAO0v2KP+iKH/wo9S/+SK9uWZNod3+b/cp6ybhvHSn/AK18V/8AQfX/APBtT/5IX9rZp/z/AJ/+BS/zPDv+HaX7FH/RFD/4Uepf/JFIP+Can7Ex6fBb/wAuPUv/AJJr3Xdu5zRR/rXxX/0H1/8AwbU/+SD+1s0/5/z/APApf5nhQ/4JpfsTnp8Ff/Lj1L/5Jryf9uL9h79l34P/ALL3if4i/Dn4Yf2drGnfYvsd5/bV7N5fmXsET/JLMyHKOw5BxnI5wa+za8K/4KWf8mT+Nf8AuG/+nK1r3OF+J+JcRxLgqVXG1pRlWppp1JtNOcU005Waa0ae53ZZmeZVMyoxlWm05xTTk7NXXmY3/BP+yGo/sMeE9OFzcRLcQ6rHLJbSbHVWv7pW2tg7W2t97FeT+Ov+CZPwjuPi+PiF4f8AiPrehK1/HPpGh6Lo9uk1n5cKqsbXatukh8xVkaSSNpPvR+YysrV7J/wTjgjm/Yo8GrL91v7R/wDTldV6V4tt7rSbdn0bSlvdRuF2WVn5uyOaTd96STb+7jX70jfe2/KvzMtfLcdYHC4zinHe0je1er/6ckGJxuIweaYhU5WvOX/pTPkP9oL4Z/E6P4ZzeCfhLpOl63p8csaeI7PxRayeVcaazMsrQ7fmVlVo/wB5tb7rfep/7JPhq/8AhX4R0vXn8K27NarusvL1z7Ulvbq26PT45JI4ZPLj2+Yu5W8tppF3fdr37XvAEng/QUS2uZNe8Q6hrKpFfas7LE1xcXC+Y3lx7WjtYY/MaONWZlWONdzM26tDXPAuiL4Pm8B6OkkSalcMn2i6RZZG3bvMkk/3Y/4Y9v3VVa/L5cMV6eL+sUp8v9bansSz+lWwvspr+upleAf2qvB/ijxRf2fiJ/sOpWtgrRaTqkscEsPmTbW8uRtscisrR7W2qzba9U8P6nFrkLa99sjaKaWRLKFvlaGONtrfK33pGZW3N/d27flr5R+O37Itn4o0OPwBps2uahaeet18t40Uscir+7kjljZWtI1ZWXy2ba26T726vJNJ/bW1L9nvxgf2dfivpXibRINPt9uja9qHlzxXF18vnWsf91VVo1jkXazbd21t1aUM+zHAYj2WPj7v83mc1bKsHioKeGlvY/Raxu/t5+0wzM0Mn+qX+KRf73+7/dqxb3iTKXSRtm/ajbvlb+8y/wCzXlXhf9o3w94y1TT9HRLqO2vp7eB7qby1RmaP7qyRsytu/wCAqy/MrV39n4u0e+mjs7C5ZpZnZLVWi2rJt3bmjb7rKu2vrsPjcLio3hI+crYTEYafLOJvfbB/zzP/AH3T1k3fOGqirPGodw2f9ypo5HUfJJXUcxZ3t614Z/wUqbd+xP41/wC4b/6crWvb1mRU+fcWrw7/AIKU/wDJlPjT/uHf+nK1r6HhL/kq8B/1/pf+nInflP8AyNKH+OP/AKUiP/gm3G7/ALFXgnYv/QS/9OV1XtclqjTF3Tn7v3q8Y/4Jrf8AJlPgv/uI/wDpyuq9uk++frRxb/yVeP8A+v8AV/8ATkgzb/kaV/8AHL/0pmHdeH0ur5L10/1f+q+78v8An/2WoJvDqLcCbftSOJli/wBndt3N/wB8rXQFUamtH8pTHDV87yo4uZnH2+jvayXepXic3Tq9w2z7sartjj/2tq/+PM396vPfHX7O/wAK/i14RvNE+IvgDS9bfUIG8qPVEklS1ZvlXyv4o5FX7situVlVv4a9ruLNJYTC6L83+zVC40VI1adPm2r/AHawr4TD4iPLVjzG1HFVcPK8JH55eLP+CafxL+H+k3Xjn9lf9oHWvDT2N5Gml6T4mv11C2kXc0f7uba3kRx7pP8AWRtu/wB75q5zwb8fP+ClP7KupDVfiX4G0Pxda2sUlrFeWtu0STTNuWORljZlkm+aT5o1/hXd8tfotDob2dqkMaKyRo2+Nk+Vl+9/7M1c9qHgXQdW8Jv4Sv8AT1itJJd7rDbxr+8bd+8ZWXazbW2189W4fdP3sJPlse3RzdVI2xEdzxX9nH/gpd8NPGmrLbfE6bWvDF5cRM/9l6lbySweY21V8uX70Dbt3yyfL97a1fVPg/xfo/jSLZpBk87yln8lWWXzI2basisv/wC1Xi15+z3pQtbPW9ET7deW9011LZ3Frb+RNJ5arDN5UisrSR7dzbZI2avhb/goX4q/be/Y2uLD4ifC7S9N0fRdcsGXVCujNPBb3EbbpbiSPdI0fn7pZGZf9T5arHt+ZqnD4jN8DONKtDmj/N/wR1MNl+PTnTfLL+uh+tEivG2x0ZWX726vDv8AgpI5X9inxpEFXBbTjx/2EbWvlv8AYJ/4LXeIvjF8RNA/Z0+OPhKG716a109J9S8K+H5mWFZmaFpp18yRv3beXI0iqsfl7pG8vayr9Pf8FHL2zu/2JvF9xa3Kuk66c8TKcq6/2la/db7rf8Br9E4KxFPEcUYCUf8An9S/9LicOCoVcNnNCEv54/8ApSPB/wBkX/gpH8DfgH+zz4e+EvjHwr4sudS0n7X9pn0yxtngbzbuaZdpe4Rj8sig5Ucg9RzXozf8FgP2ZHJZvAnjrJ/6hll/8l0UV+u55w1ktfO8VVqUrylUm370t3Jt9T6LG5dgp42rKUdXJ9X39Rn/AA9+/Zq/6Efxz/4LLP8A+S6Rv+Cvf7Nhl8weD/HezGPK/smx/Pd9r3Zoory/9Vch/wCfP/k0v/kjm/svA/yfi/8AMU/8Fff2aT18D+Of/BbZ/wDyXTT/AMFev2a2GG8EeOcf9gyz/wDkuiij/VXIf+fP/k0v/kiVleA/k/F/5kUn/BXD9mZ0Mf8AwgnjfDIVb/iWWff/ALe6p3H/AAVe/ZomU7PBHjYE+umWf/yXRRR/qrkP/Pn/AMml/wDJFf2XgX9j8X/mVh/wVW/Z1QYj8FeMwMYCjTrTH/pVV3Tv+CuPwD07csPhXxqoYYYf2XZMr565VrrFFFKXCuQvej/5NL/5If8AZeB/k/F/5lXwv/wVH/ZD8Halear4T+Cet6NcakMahc6P4W0u3ln5z+8eOdWk/wCBGuE/ar/4KA/s/fG34DeI/hr4D8G+KtN1XWWtSktxZ28Nq/l3UMzeasdwwJ2xnDbC27GWxmiivTyHhnI8NnWFq06NpRqQa96W6kmup1YPL8HDG0pKOqknu+68z//Z\", \"/9j/4AAQSkZJRgABAQAAAQABAAD/2wBDAAIBAQEBAQIBAQECAgICAgQDAgICAgUEBAMEBgUGBgYFBgYGBwkIBgcJBwYGCAsICQoKCgoKBggLDAsKDAkKCgr/2wBDAQICAgICAgUDAwUKBwYHCgoKCgoKCgoKCgoKCgoKCgoKCgoKCgoKCgoKCgoKCgoKCgoKCgoKCgoKCgoKCgoKCgr/wAARCABPAC0DASIAAhEBAxEB/8QAHwAAAQUBAQEBAQEAAAAAAAAAAAECAwQFBgcICQoL/8QAtRAAAgEDAwIEAwUFBAQAAAF9AQIDAAQRBRIhMUEGE1FhByJxFDKBkaEII0KxwRVS0fAkM2JyggkKFhcYGRolJicoKSo0NTY3ODk6Q0RFRkdISUpTVFVWV1hZWmNkZWZnaGlqc3R1dnd4eXqDhIWGh4iJipKTlJWWl5iZmqKjpKWmp6ipqrKztLW2t7i5usLDxMXGx8jJytLT1NXW19jZ2uHi4+Tl5ufo6erx8vP09fb3+Pn6/8QAHwEAAwEBAQEBAQEBAQAAAAAAAAECAwQFBgcICQoL/8QAtREAAgECBAQDBAcFBAQAAQJ3AAECAxEEBSExBhJBUQdhcRMiMoEIFEKRobHBCSMzUvAVYnLRChYkNOEl8RcYGRomJygpKjU2Nzg5OkNERUZHSElKU1RVVldYWVpjZGVmZ2hpanN0dXZ3eHl6goOEhYaHiImKkpOUlZaXmJmaoqOkpaanqKmqsrO0tba3uLm6wsPExcbHyMnK0tPU1dbX2Nna4uPk5ebn6Onq8vP09fb3+Pn6/9oADAMBAAIRAxEAPwD7a/ZR/ZY/ZA8UfsueF/if8bfDFiupar9s828u/EN5btceXezwrtjjmUHCoqkquOMnmu+8L/sif8E6vHNxHaeD/B9reyTNMsCpruqqZWjXc4TdKN4UZ3FchcdTXxDpep+NtS+HGgaRpmo6Tp1ojX1s11dIWujGW3r5SEEMGlm2K/QMH6EEj2H9nfwt4q8G+Mj4cHxV8Tpf65axx2GvQ3qldIZZIZNkcO11DKUIOVZZF3AAZr0+L/FTjnB+IWYYGhiJxoU69WCSq1E7KpJKyUrJJbLa2x+h4zLKrp1aqxVXmbk1aTstfh36bH0+v/BOv9jQsM/BzrnC/wDCRajngZ/5+KmT/gnL+xgeH+DgyOoHiLUeP/JivVta8TWekJLrGtXENnDdXzR2MEjhctvxswcAv6gE4yO5xWhZ3LTQrOB9/qNmD+VfSLi/iqSTWPr/APg2f/yR+eyzTNYt3xE//Apf5njq/wDBOD9i8nj4NZHp/wAJFqP/AMkV8sf8FMf2cPgv+z7/AMIT/wAKg8F/2R/a/wDaX9o/8TG5uPN8r7L5f+vkfbjzH+7jO7nOBj9E0lBXegP418R/8Flc4+HGf+ox/wC2VfdeG3EXEGO41wtDE4urUg+e8ZVJyi7U5tXTbTs0n6ntcOZhj6+c0oVKspRfNo5Nr4X0bKXwD0zw78Qf2SPCfgttGGrXVrNcG584NH9i33146RpIF/j2FhltoIJJBwK+V/E/7Z3xql8cab4E+G3wivLaWDxm1vDJqVnJHBf+HTbSh8srr5VwlxFsZP8AWHzo2IwTj7p/Yq0DVvFP7IXg2x1PVbSPSoH1EpaxWBmnlLXl2pLSStshGWziJCzBRlhnFeCf8FI/h34J+DnwYtfHXwSWSy1nwf4vh8U6l4ggCvGhQ7ZY3EYKLHja0pBC/u+m5ia/EvEvLJLi/MMYl/y/q/8ApyR6izJLFVsPf7c//SmfXH7PeueEfEegaf8AEvwx8Otee5vrcR20F1iR9IUIryQu0zRw27l2xuAV3ChGyflr1i0u9SmJa40sQA8lZbkSMB6naOP1ryT9mH4seOvjD8ONO8S6rdaDEt5YW91ZxAiW4KPCHDCOOQhF2kYLZbGM4PFerWkjhvKkvPNk6bIkAwPQKORW+W8rwkOXax8dmPN9alc0Echt64z7ivin/gskxZfhwT/1GP8A2yr7SibHU18U/wDBYtnI+HO//qL4/wDJKv1Dwti1x7hH/wBfP/TUz0eF/wDke0f+3v8A0mR6J+wvYWd1+yH4Ra+DSL/p/wC7yxH/AB/3PBUYBH1rqPjn4N1X4rfCvWPAzyrpujXmnvby/bLryoblSP8AnnGGLLwQqt97dkKCM1nf8E/bdX/Y78INJD8rDUPmB541C5969Nv9EbWma2luZra3bOFh2iR2AGH3EccjO7rzzmvmuNqEa/EWYxtvWq/+lyObHVpUc5rSjuqkv/SmfDf/AASy+J/h3SvCd54C8XWE0t54Y1S80yXTZpkSGKFHXZMT/wAtWkjO7BACkp9K/QCyuLVLVVtLGSCF/urNFsH02k8H2r82NV1jwx+x9+3p4tgsLCddK8baTp954Jk1LT1u5bG9jcreK/lnbIJvMJEbq4UxINpb56/RP4ea34y8Q+D7PXfEGjtbzXEYkzfOY55UPR2RVXGTkAkjPoK+DyKboxeHk9UzTNafPFVo9To0JHUflXxV/wAFhy2Ph0GbP/IX/wDbKvtOIOf+Plxnvtz/AIV8Wf8ABYj/AJp1/wBxf/2yr9i8LJf8Z1g09/3n/pqZpwx/yP6P/b3/AKTI9h/4J9IZP2OPB6KpPGo54/6iFzXqmqW819F9jkLpDIMSBDjzFH8JPYGvMP8Agni7J+xv4SYE8LqGB/3ELmvWriIMSobGc559a8Li3/kqcel/z+q/+lyPOzW/9rYhf35/+lM+RP8AgqF+zJZ/tCfDCPw/4I8EWJ8SeG7tdd8O32naeRdQ3UO5lmWdV3o0bhGC7gDn5s03/gld+0rP8TfAVvp/xF8c2th4js7h9M1vTtQSVru4vFCB5G8xSqI8oYr82MOmPvCvpj4iaBeeJvAup+D9JEnmXkIWa2gZUFyhOHiZn+QBlwMjp156V8wt4J+HvwY8QapYWPhoS6xbSvdalLpQFsL61U7WVo4QCz2x+9JlUYqwDZOK/MMyjPL8yjiPsvc9nL+TGYJ0eqPtdUEbyRvtLZx94/Ke4I6g+3618V/8FiP+adf9xf8A9sq+vPhr45t/iR4B0nx3Z2f2aPULdpHtRyI2EjISrAcoxXKndkhh3yB8h/8ABYf/AJp1/wBxf/2yr9m8KakavHWDmuvtP/TUzHhqEqXENKEt1zf+kyPZ/wDgnex/4Y78Hg9M6hx/3ELmvYrr7+Ofzr5N/Yz/AGzP2bPhR+zZ4b8AeP8A4kfYNXsPtn2u0/se8l8vfeTyL80cLKco6ngnrg85FelS/wDBQz9j5nB/4W7u45/4kGocf+S9a8TcM8SV+JcbVpYKtKMqtRpqnNppzbTTUbNNapmOZ5Zmc8zrzhQm05yaai7Ncz8j1e4QcDAwVyVwCM/Q8V4T+2n8DPE3ivwXc/E34U32p2uv2MNxc3R0rUEhmmjW2c4QNxMSyqWiONzFGGDmteb/AIKB/sguGI+LvOMAf8I/qH/xiq91+3p+x1qdhdaTq/xUjubS8t3hubefw7fOkiOCGUq9uQwIY8EEHvmvmMdwRxJjcO6U8vrO/wD06qf/ACJng8FnOErKpChP/wAAl/kN/wCCcelfEbwV8IL/AOGfxU0KXS9T0ee3e0sZolhItZLZf3qQxsxiDS+ZGyvh98WWQBg7eW/8FgjkfDs/9hf/ANsq7b4Xftk/spfD/XdaMvx3im0e7nRtE0uDwde266eAqiVmdYmeYyMMjO0RqiqB8zGvFP8AgpD+0T8Hfj4PBg+E3i/+1v7J/tH+0P8AiX3EHleb9l2f66NN2fLfpnGOcZFfa+FXC/EOU8WYSeLwlWEI+0vKVOcYq9OaV20ktXb1PcyjCY7/AFip150ZRjrduLSXuy6tH//Z\", \"/9j/4AAQSkZJRgABAQAAAQABAAD/2wBDAAIBAQEBAQIBAQECAgICAgQDAgICAgUEBAMEBgUGBgYFBgYGBwkIBgcJBwYGCAsICQoKCgoKBggLDAsKDAkKCgr/2wBDAQICAgICAgUDAwUKBwYHCgoKCgoKCgoKCgoKCgoKCgoKCgoKCgoKCgoKCgoKCgoKCgoKCgoKCgoKCgoKCgoKCgr/wAARCAAXAEEDASIAAhEBAxEB/8QAHwAAAQUBAQEBAQEAAAAAAAAAAAECAwQFBgcICQoL/8QAtRAAAgEDAwIEAwUFBAQAAAF9AQIDAAQRBRIhMUEGE1FhByJxFDKBkaEII0KxwRVS0fAkM2JyggkKFhcYGRolJicoKSo0NTY3ODk6Q0RFRkdISUpTVFVWV1hZWmNkZWZnaGlqc3R1dnd4eXqDhIWGh4iJipKTlJWWl5iZmqKjpKWmp6ipqrKztLW2t7i5usLDxMXGx8jJytLT1NXW19jZ2uHi4+Tl5ufo6erx8vP09fb3+Pn6/8QAHwEAAwEBAQEBAQEBAQAAAAAAAAECAwQFBgcICQoL/8QAtREAAgECBAQDBAcFBAQAAQJ3AAECAxEEBSExBhJBUQdhcRMiMoEIFEKRobHBCSMzUvAVYnLRChYkNOEl8RcYGRomJygpKjU2Nzg5OkNERUZHSElKU1RVVldYWVpjZGVmZ2hpanN0dXZ3eHl6goOEhYaHiImKkpOUlZaXmJmaoqOkpaanqKmqsrO0tba3uLm6wsPExcbHyMnK0tPU1dbX2Nna4uPk5ebn6Onq8vP09fb3+Pn6/9oADAMBAAIRAxEAPwD7I/ZC/ZV/Zs+KPwF0DxT488EQ3muXxuvPkOt3UTzBbuaNSI45lUYVVGAB0ye5rv7T9if9jq81C606L4aKWt2KhxrOo7SVxuGfOxwdwPuCOteIfBvS/iZffs5aCvwxs7u21V4b1dK1G48RyJZx3TXUipPJaQeW7pHznfLjOflI4rh/En7J3/BUHxP4oF5pv7VvhuxhWCQ3tkLWSYOyRBBHH50pkTe2WOPlO0Y4O0fofFvHXFOC4px1CjiayhCtVSSqTSSU5JJJSskloktj2sfVx/16tbFSiueVlzOyV3pa59T6d+xV+xnc+fcS/D2FbaGY4nk13UEUpgc5Mw75+v4iq1t+xF+ylHY6VLqfw2iimmmeO8ifXr4MMRyHJXz8ryIz2zu74OPl7Rf2R/8AgpXZW7XU/wC3jdO0kyNKsvgG0nS3kYg8Zl/fjcSmCBtwK0bL9mD/AIKVabqdhe2v7VejXjrPvgOs+BhBDMokDkOiXHmQhT3DAkdBgivn/wDiIXGa/wCYiv8A+DZ//JHL7XHf9Bs//Apf5n0lf/sQfslmy8TRWPgO3in063cWtxJrGoSpbyeR1ZVny4SXllznGc4Fcp4Q/Z3/AGGPiHq1hq3gm10PWNLtI7iy1aHRPFs8+bxTHl5WW5doQgViqYG8SkknaK8nvv2dP+CmjT6u2mftK+DdO020jmTXdNh8IzXCapCfn2LC9yolDB8LuO75+SSMV5D/AME4rb4mat+0V8Wdc8Q/C+1ttPeCwgtdasfDN34fjvpIUd1tYLInyESFDteSMgbiq7Tyw5q3iLxirWxddf8AcWp/8kdGHnj53/2qb/7ff+Z9K+LvDX/BOD4aeNLT4a+LfC/27V3lB1qbSNfne20ZZIXuI/ML3avKoiVQRCskgaRCygFgnpHgr9j/APYn+IXhy38YeCvA0WqaTdlhaahBreoKk+GKtt3TA/KQQcjsa/PD9s7xpoXivxVp3hrw9aiPVLOe20yeUQfMigvIYNgXonnPvY5DKxGTghf0D/4Jopaw/sz+fYX7S2dz4lu5LV5M7mOyNZCwb0ZNgxnaQTnkis8u8S+L8bmn1V42tazd/a1NLf8Abx1ZjTx2Dy36wsTU5rpW53rf5nwHRRRX+gx+lH1/+y1+1J8B/hx8EdB8KeNPGaWmqWEVyk0H9l3MjR77uaUfMkLKcqyHhjj2Nd0f24v2c7a2ubm0+JLm8mLyK7aXekFzwmcw/wAIx7HFFFflOY+D/DOZZhWxlSrWUqs5TdpQteTcna9Nu13pq/U+WxPCOW4vETrTnO8m3urau+nukV7+2f8As12/hr+w9G+KLqTCkBl/si93EAqGk5h6kbm9ckVcv/25f2apfssFt8Rv3MepLPJGNFvFAXbIDx5R3DJTOf7owKKK5P8AiCfCn/P6t/4FD/5WY/6l5Z/z8n98f/kSve/txfs83A1qaH4nETXlnstDLol3IqukLRx5RodpAYhiDwduKwD+2d8Fo/Efhxm8ewTWH9kSHXbkabfrcQagBFgoNgVoZMS5AG4MRklaKKzqeB3CVRpyrV9P71P/AOVGkOD8tppqM5r5r/5E8+8ZT/sFfFLxPfeKPiB8QdU8zUrSWHUbXTNPkt4bqV3R/tbEWRlWdTGAuyVEAYnYWLMfXvhP+1p+yD8NPAWi+ANN8f2lrZ6LZi3gitNC1DYeWLuN8TMDI7GRgSSXYksTnJRUUvAng2hU54VKyf8Aih/8rNa3CuCr01CdWbS21j0/7dPgmiiiv2g+mP/Z\", \"/9j/4AAQSkZJRgABAQAAAQABAAD/2wBDAAIBAQEBAQIBAQECAgICAgQDAgICAgUEBAMEBgUGBgYFBgYGBwkIBgcJBwYGCAsICQoKCgoKBggLDAsKDAkKCgr/2wBDAQICAgICAgUDAwUKBwYHCgoKCgoKCgoKCgoKCgoKCgoKCgoKCgoKCgoKCgoKCgoKCgoKCgoKCgoKCgoKCgoKCgr/wAARCABFAEgDASIAAhEBAxEB/8QAHwAAAQUBAQEBAQEAAAAAAAAAAAECAwQFBgcICQoL/8QAtRAAAgEDAwIEAwUFBAQAAAF9AQIDAAQRBRIhMUEGE1FhByJxFDKBkaEII0KxwRVS0fAkM2JyggkKFhcYGRolJicoKSo0NTY3ODk6Q0RFRkdISUpTVFVWV1hZWmNkZWZnaGlqc3R1dnd4eXqDhIWGh4iJipKTlJWWl5iZmqKjpKWmp6ipqrKztLW2t7i5usLDxMXGx8jJytLT1NXW19jZ2uHi4+Tl5ufo6erx8vP09fb3+Pn6/8QAHwEAAwEBAQEBAQEBAQAAAAAAAAECAwQFBgcICQoL/8QAtREAAgECBAQDBAcFBAQAAQJ3AAECAxEEBSExBhJBUQdhcRMiMoEIFEKRobHBCSMzUvAVYnLRChYkNOEl8RcYGRomJygpKjU2Nzg5OkNERUZHSElKU1RVVldYWVpjZGVmZ2hpanN0dXZ3eHl6goOEhYaHiImKkpOUlZaXmJmaoqOkpaanqKmqsrO0tba3uLm6wsPExcbHyMnK0tPU1dbX2Nna4uPk5ebn6Onq8vP09fb3+Pn6/9oADAMBAAIRAxEAPwD1P4f/ABa/4J2fDjQvD3g/9pHw9qF34s1TQJtVf+yZL91S2F/dW6y3PlOqwD90FBUMCAGIB3E/Vvw0/ZJ/YR+MXgyy8f8Aw18FRappl9DJJHJDr98zx7JBG6uonyrKxXORjDjn5kz5VoX7A/wq/bj/AGDvCOmeI9Qn0LxRpUN+dB8S6fHExdRqVw/2K7R1Ilgck4yVMZdmBYFkPEfsW/s/ftNfsheNNd+H3jHx3a3moQNDf+ENLv4JjHJZ+SYZra3uJFbyp8uqtbjMTRIm13Cho/0Xi/jPizLeKsbTWMqqlGtUUVGpNJJTaStzJJJaJLY93H18VWxlaNLEzjJTlpzNK13trsj6n/4YC/ZKCNv+E5BAyT/bt/wP+/8AVPUv+Ce37KeqW1vHB8P7vTnW9tpmaz8QXG6RBIrtA/mySjZIoZGKbZNpyjIea9C+Hvxd0TxX4aF9ca5ayXdvcLazqEKPDKUB8qeMjMThiVIbaD2NdVJuiQp5mScqRnhs9uOoNclPjDiXExvDMK3/AINn/wDJHz9XMs4pS5XXn688v8zyAfsC/sjFiP8AhUnJPA/t6/6f9/6mH7AH7IBO0fCg7vT+3dQ/+P16wJMdB0GKkiYkbgxB9c1v/rVxTbTH1v8AwbP/AOSMv7Xzb/oIn/4HL/M8kP8AwT8/ZGByPhFkf9h/UP8A4/Sj/gn9+yExyPhFgf8AYf1D/wCP17DBICpQkDHfPWnls8Agil/rZxT/ANB9b/wbP/5IP7Xzb/oIn/4HL/M+dvjX+w7+yv4T+Dfi3xX4c+GH2e/0zwzf3djcf23fP5c0dvI6NtaYq2GUHBBBxyDRXq/7ReP+GevHmf8AoTNUx/4CS0V++eD+Z5lmeW4qWMrTqtTSTnJyaXL0u3Y/QuDcVicVharrTcmmt2308zgf2BZAv7JnhL5TlXviDxx/p1x/n8T613PxQ+GPhP4g6NetqNpOt9JaiKGSyjTz53Vt0ZVmHyyIfuN3HByOK83/AGGJxD+yd4VY9vt3Gf8Ap+uK9VOum1nfbbO+VABL+nSv5/4wpQr8T4+E1p7ar/6XI+DzOcqWcV5Rf25f+lM/N74y+Nf2gv2LPjLr3xZ065vfE/gzWZ92vm7hkLTwDAIeJDlCpJGQQytH90q2K+7/ANn79orwT8e/Buh+J/AuoW1zpdxbRxu8N150sU2z5RJjpGTkq/JIGDg1N8XfAVj8afC8/hTxBYWc9nd27xX1m0Kl7jcVxKJSP9YCqgA8D+/X52ajovxP/wCCPP7Q1x8TfCGpJefB/WbsLrOmSwzXi6HcXUgSWRHXlYlf+JdwDNgjoT+bx+sZXirv4Dsk6OPo3taR+qlxM4uk0+DHmmLznwMlY87ckcbQWztz12mpQ5z3A9q88+EfxU8OeMfh4fHcepmcajjyXmuElmvCq/KsZVv3iFdrIw2qQ7E4OQO1+0tpdibm+kXEaZmIJwOB09TkhfckYr6fD1o16anB3PCqUp0puMjSD5woYYHtUqyMowjcfQVn2l0rriZSkgKiSMgkocAkcemRVhZlDhFIyRkjngVu1cyehzn7RWf+GePHW4c/8IXqnOf+nSWiq/7RDh/2ffHRCEY8G6p1/wCvSWiv6N8ElbKsX/jj/wCkn6XwL/ulb/EvyPPf2GIs/sl+FJAMki/4x1/064r0i+spdrbXUYbIxXDfsCxB/wBkfwkxCn/j/wCv/X/cV6xPYRy5jYIpJwTjtX4lxZaXFGPX/T6r/wClyPhc3b/tXEf45/8ApTOJnj1XewhuPJicYMqxZb/gLHj8wa5j4l/B74Y/EPwLrGg+P9FN/p1zZSrIjndIHkUxlxKSPm+YkKM7mr0PUdJCp+5GW/iO3rXOajpMAkXWNfmHk2bean2ptsVv6Sc5CsM5C4ODyMGvmMRh4Ymk6c9jmo1pUZKSPzm8JeKPjD/wTT+MWheBPiTpmo6j8LbuD7P4f12OKV2sXAZvs8si7o5I3j2sVYbs5P348H9FPhX8V/DXxt0zTPEmjuIdKigF1CpuRMHYIu15ZFAXYiuWAH3mUHgoUPI/Fr4T+GP2jvh9cfD/AMX+EoX0C8uN0UN7J5D3EoB/0pEYAoFHCs+C6vjAXBPwfffCf9qf/gmR49vNN+D2m6x8Q/hdNqTyJawWrSzabEB+/tzDzvAYuGBIzhSOenyUq2JySrfenc99Qo5hS0XvH6laHfSR6NLr+uXCWnmtLfXbSyBfIiOXIJBIGyJFJOcfeJwFNN8KaxPqWix+K7qCVBqYWXT7Y5DCBhmMEYyHZfnZcZVCvvXzX4b/AG9/gX8crKx8Dzva3GmXNrawXmk6nOhlS4UpKIbq2z5y7ZEUkAFGxkhhla9ti1i88XanceKNd+JZttP+zwiCGwRIGBYssu+4YFizsyDbEqvgbFYgmvoMHm2ExztTldnlYrL62EjzTWhqftESqnwD8cws/wAzeD9TKqDk4+yS9gen+1x9KKzPjQmix/s8eOo9IsDEh8JamfNYHdL/AKJLyxfLMfcmiv6g8Ef+RVi/8cf/AEk+54GX+yVv8S/Ix/2Aljk/ZJ8Ipu5I1DP/AIH3H+Ir2J4tp+cEHOeleNf8E+5IJP2WfB8EU6swi1QuqsMqw1B+CM5zhlOMDg988e1GBmfJYk/WvxDitp8UY+3/AD/q/wDpcj4XN0/7VxH+Of8A6UylPEWjbYmTtz2rE1fw/BdMlzdQCQocxowGA397Hf8AGuiZAegHTHSoZ4A4YFV+Zcfd7V4B52tzzzWNL1e9vGgl1Ka1ts5c2shjmn/vYlHKAeq4b+6RXF/Fi2tdZ8Hax8J/h1qNnp2tDS1uHa0iMbWe4sLdt5QqrNIHO3dvZC7FSDuPrWvaNeXEZhsHS3kcnM4XlP8Ab4/8drzf4r6LqHgn4Y3fhv4cxPBqOoXUEEVy0aSTCa4njjkuJHcMjy+WxJLAjC46KoHLi6H1jDyg+p3YSrGhWUrXsfm18Ff+Cefi7Wv2itb8c/tKeBok0dNRjv8AQtYt9Yc6nY6or7wqSICJ7cnDpGeVQ5GDxX158Sf249Y/Zys7XUo/COna7az6jBb3Jur+aFNOso1dpbqOONMTOcIiB3jOWCnd8xX1nxp4Lg13T9b8K6BZxtPPo102mT3jfulu3jmS2DAdQrqr855r8ufEHgn4u/E7XtM0n4m65quqwRwpmy1TSZ4Ly+vkm+zBJbGSKM22xkwFwCq5bB8xZG+Br0K+SL2sNX0t5fqfZ0JUM39ydkfpvF+0l4X+On7LPiWW+m0vTPFU/gjWZNQ8MWGqvfm2SOGdRKsnlIRG6BG/eKjRyM0JDOhJKx/hV8HNS+Cv7FfjvTdfeQanrXh3U7y/h4jWNPskxhTyhwuAxbnLfMozkGiv7I+j/VxFfh3EVK6tJyi//JT1+F6dCi8RCk7xUkvwPEfgT+3HqnwT0HQNBh8L6peW+hadd2jWFv4jS2sr4z3T3HnzQm2ctKm7Yrb8BRwASSfTx/wVufBz8ABknOf+Eq6f+StFFfoeJ8NuCsZi6mJrYW86knKT9pU1lJ3bsp2V29kkux6NbhzJsRVlUqUruTbfvS3er2Yz/h7Pzn/hQPHp/wAJV/8ActB/4K0Zx/xYHp0/4qv/AO5aKKx/4hdwL/0Cf+VKv/yZj/qrkP8Az5/8mn/8kRt/wVeVlK/8KC69f+Kq/wDuX8vSsjV/+CmVpq7o83wJAKTpLz4mznb2/wCPaiij/iF/Av8A0Cf+VKv/AMmP/VbIl/y5/wDJpf8AyRSf/goxZyTtO/wUYFpN3yeJAD0x1+zfXHYE9KyYf27tKX4kD4n3XwY+0agvh2PSYjPr4by0S5kmEqs1sSHxIY8j+BUH8IoorOfhRwBP4sEn/wBxKv8A8max4dyeHw07f9vS/wDkjV8Z/wDBRuLxb8Pdb8BJ8F/sw1jR7mwFz/wkW/yfNidN+37ON+C2cZH1HWiiivp8j4byXhujOll1L2cZu7XNKV3t9pu3yO3BZbgsujKOHjyqWr1b/Ns//9k=\", \"/9j/4AAQSkZJRgABAQAAAQABAAD/2wBDAAIBAQEBAQIBAQECAgICAgQDAgICAgUEBAMEBgUGBgYFBgYGBwkIBgcJBwYGCAsICQoKCgoKBggLDAsKDAkKCgr/2wBDAQICAgICAgUDAwUKBwYHCgoKCgoKCgoKCgoKCgoKCgoKCgoKCgoKCgoKCgoKCgoKCgoKCgoKCgoKCgoKCgoKCgr/wAARCAAfAF4DASIAAhEBAxEB/8QAHwAAAQUBAQEBAQEAAAAAAAAAAAECAwQFBgcICQoL/8QAtRAAAgEDAwIEAwUFBAQAAAF9AQIDAAQRBRIhMUEGE1FhByJxFDKBkaEII0KxwRVS0fAkM2JyggkKFhcYGRolJicoKSo0NTY3ODk6Q0RFRkdISUpTVFVWV1hZWmNkZWZnaGlqc3R1dnd4eXqDhIWGh4iJipKTlJWWl5iZmqKjpKWmp6ipqrKztLW2t7i5usLDxMXGx8jJytLT1NXW19jZ2uHi4+Tl5ufo6erx8vP09fb3+Pn6/8QAHwEAAwEBAQEBAQEBAQAAAAAAAAECAwQFBgcICQoL/8QAtREAAgECBAQDBAcFBAQAAQJ3AAECAxEEBSExBhJBUQdhcRMiMoEIFEKRobHBCSMzUvAVYnLRChYkNOEl8RcYGRomJygpKjU2Nzg5OkNERUZHSElKU1RVVldYWVpjZGVmZ2hpanN0dXZ3eHl6goOEhYaHiImKkpOUlZaXmJmaoqOkpaanqKmqsrO0tba3uLm6wsPExcbHyMnK0tPU1dbX2Nna4uPk5ebn6Onq8vP09fb3+Pn6/9oADAMBAAIRAxEAPwD7i/Y0/Yz/AGb/AIs/s3eGvHXjr4bHUdZ1L7b9ruV1i8iL+XdzxqdkcyquERQflA47k16TrX/BPv8AYx8N2i3/AIm+GltpsMkipDJfeJ76JZGY4UAyXC5zjgLuODzjrXnPwL+GHxV+K3/BPfwp4X+G3xam0G4Gti9ls00e3dL+0g1a4aayeaRsqsx2ncAMGPaeDkfPPx+/4IzftPePdCuNd8FfFawsNd1O4gjvSbl2ubUJHsZ43hDQmCQh5DCNhiMpU+cV31+pcV8WcUYTibG0qWLrKEa1RJKpNJJTaSSUtElslsenjMZjnmVeLxM4pTkklKS05nbS59an9jr/AIJ9HWj4cHh3S/twmETQp4o1BkSQrna0nn7I+q4BbJyMZ6HM8Kfsv/8ABPfxnqtno2hfDi+M2o3Hkae95LrNtDdSE4VY5ZZFUknGMgZ6DnOPmj4B/sD/ALVnww1CTwX4u0ez1nWhBp9jDrkh1WOSdbZ2LXO+3cRuxBVFaVixAwCFHPKeEf2Uv2vfFHjNNY0H4s6rbTaNd3moQiDR3bMUQkcANJIkisFDIxaLcrcBS3FfGPxC43VNN4ive7/5e1Nv/AhqrjJLTFz/APA5f5n2D4U/ZZ/YC8YXsWmaR8ObwTXWoyWVhJeXOsW8V5KHwojeRwrbhymSN3bqK1tI/Ye/Yp12W7TRvh5aXn2a5aNmtPE99Ko2opfDLcYYKxwxBOCCOMV+ffhD4G/8FGfB5k8Z/CP9saQNp2izXVtFqelCaMh1IcxTRXDCRULDLlVI2rjkba2vhz+0b/wUt+Ascdxrngfw54nsdPhWSG/8N6wXEJmbYJ/KfDRyiMuQqBRnnJ6lLxH4sir1cXXS/wCvlT9GTKWay0hipN/45f5n3fafsCfsjzRuW+E53JPJEwOvX+QVbGcCf0wcdwwxUEH7Bv7I8ulW+oN8KsCSOOQ/8T6+U7WIHOZ8c7hXzF4Z/wCCp/iL4SeG5NM+IngrxJ4ecD7Et1qumlpLVpN0rzPGJJfNKopIb5cmTcd33a9G0v8A4Kp/s+ah4d07wvD4z0oy300EaxXsQgeG1j27thleISSO6fLkcAODuOK2peJWcT0nmVdP/r7P/wCSuYzfENN/xpv/ALfl/mep6z+wp+yVp0lhGvwlO641SG1cf29fnO/cOR5/A+U856kVFJ+w/wDskPrS6JbfCZTP5CSNH/buocggDOTPwMnk+2BzWH+0j+338Bvhpb+HfEuoeJWurJLhL+G48N6Ve6yY794HUGWG1UGK3ijeYvJKCu4ocfICel+Ff7QXwf8AGGja/wDG3S/ijpV7o19aref8JRqd21vbQ28URZUQSopiiREkdkI+8cjkgV6C46z6Tssyrf8Ag2b/APbjH6znsVrWqf8AgUv8y7B+wD+yA8fy/CYuVOC3/CQX/wA3v/rxXiP/AAUA/Zd+BHwS+DemeKvhh4E/svULnxNDazT/ANqXU+6Fre5crtllZR80aHOM8deTX0P8Pf2m/gP490681nw/8WbK5hs5Cs15dwS2kVyDGkimzEyj7VGfMRAYTJhyYyN42DzL/gqXKZP2edGzkZ8ZW/ylSpX/AES76ggEH2PNfY8C8UZ5mHFWEpzx1WpBzScXUm09Hum7M7cnx2a/2xRp16k7N7OTafqrnbf8E/LlYv2RPCWWxtGoHH/b/cY/LqPSvYZNRhVBtUADAVQOgOM18kfslftd/s9/DD9nbw74F8bfEE2WrWAvPtVqNJu5Nm+7mkT5o4mU5V1PBPXB54rv5v28f2V5CD/wtYkjHP8AYd9/8Yrm4m4Y4lxHEmNq0sFVlGVWo01Tm005yaaaVmmtUzjzTKsyq5pXnGhNpzk0+WTTXM9tD2648QFVKNKSpJDqxzklupz35rJvPGuptZ+TDqE5d8DJmOc+uc9efwrxmf8Abk/Zeckr8Uyd33v+JJe+uf8AnhVaT9tf9l4qFj+KAAz30W+6f9+a8P8A1S4p/wCgCt/4Kn/8icf9k5qv+Yef/gEv8j1a/wBSsTaTaLZ6VZR/aYGt7l1s4yHiI+fPHzfLu4PBJGazPE+leG7rwjf+HoNIIW7giggUXDfIVYGPZvJUBdoJBB3BQDmvNl/bO/ZhDbh8UgPX/iS33/xmqsn7ZH7NLanHeD4oDEMb+WRo99lWOOR+59KznwfxNJa5fW/8FT/+RNFlebW/gT/8Bl/kdj4r+BnwnutCBj0ZUuo9RtJrG7jRkaN1fYQAGBUurjJB5IBwa80+In/BOn9nP4keNxFq3gfSbpBYg397Igkni3zkpy0ZZyYwWVl2MpjO4EENW3eftnfs2SPCYviWCsd0JmUaPejdtRyB/qf7+0+1Vrf9sz9nGwglvG+Ib3E7xmSWNNJugZXJB25MOOgCgnpsFedV8Ps9q/Fl1b/wTP8A+ROunh8+pbUqn/gMv8j85P8Agpn+x+/gi+1D4afs5fD/AOJ15a6tffZbZbW3uL7w/eXlvdGGTT7tbeVpbMEAHzZG2L5sfPL7fafDvgT4bfAf9m3wj8D9e8BaZ4e/srw+by+8O2urTXumpO+UuQslwFecvPK0eMnc8m0ZJyPf/FH7Ufwhm8CJc2nxEbU/Ec+qLPercW9/FEkE1550kEZSNfkgj2xxqTjEfQkknm/2jvEP7In7Qnw3t/hpqXxEgsW0q4+2+G9ag8OXgNjexxzRQmWONY2lt9kzBoVdCQflZCoz4lXw44rpcyoZdWS/69Tt/wCknt0FmCUfaUZ/+Ay/yPi/9mzxH48f4rQ6n4d1WexksPFkR0TOFkBjkBLRDAd3YxJ83O3cdpwa/TX/AIKozF/gbp0bKAV8bw5CtwCbW7Jx6dc/Umvl79nD4Q/sRfAr426d8RtY+KkOsQaRGNT0hLfwrcW8dtqYIicFRFvwyM0wBZwWBVnGAX9c/bp/aZ+Cnxl+DOm+FPh343Gp6jb+JYbuaH+zbmHEIguVLFpY1BO6RBjOeemM4+08JeC+LMn4noVsdg6sIqoneVOaSVu7VkjurQr186w04UZKMXq3FpfN2P/Z\", \"/9j/4AAQSkZJRgABAQAAAQABAAD/2wBDAAIBAQEBAQIBAQECAgICAgQDAgICAgUEBAMEBgUGBgYFBgYGBwkIBgcJBwYGCAsICQoKCgoKBggLDAsKDAkKCgr/2wBDAQICAgICAgUDAwUKBwYHCgoKCgoKCgoKCgoKCgoKCgoKCgoKCgoKCgoKCgoKCgoKCgoKCgoKCgoKCgoKCgoKCgr/wAARCABFAB0DASIAAhEBAxEB/8QAHwAAAQUBAQEBAQEAAAAAAAAAAAECAwQFBgcICQoL/8QAtRAAAgEDAwIEAwUFBAQAAAF9AQIDAAQRBRIhMUEGE1FhByJxFDKBkaEII0KxwRVS0fAkM2JyggkKFhcYGRolJicoKSo0NTY3ODk6Q0RFRkdISUpTVFVWV1hZWmNkZWZnaGlqc3R1dnd4eXqDhIWGh4iJipKTlJWWl5iZmqKjpKWmp6ipqrKztLW2t7i5usLDxMXGx8jJytLT1NXW19jZ2uHi4+Tl5ufo6erx8vP09fb3+Pn6/8QAHwEAAwEBAQEBAQEBAQAAAAAAAAECAwQFBgcICQoL/8QAtREAAgECBAQDBAcFBAQAAQJ3AAECAxEEBSExBhJBUQdhcRMiMoEIFEKRobHBCSMzUvAVYnLRChYkNOEl8RcYGRomJygpKjU2Nzg5OkNERUZHSElKU1RVVldYWVpjZGVmZ2hpanN0dXZ3eHl6goOEhYaHiImKkpOUlZaXmJmaoqOkpaanqKmqsrO0tba3uLm6wsPExcbHyMnK0tPU1dbX2Nna4uPk5ebn6Onq8vP09fb3+Pn6/9oADAMBAAIRAxEAPwD73/Yk/Yk/Zd+Ln7L3hf4ifEb4Y/2jrOo/bTeXn9t3sPmeXe3EafJFMqLhEUcAdM9cmug+J37Dv7Hfh032n+GPgsZL6w062ub2C513VI0jjuDKsTJMZWiaTMEvy7mC/Jv27039d/wTme7H7FPguG2iSUMNSzGxxn/iZXXGTgDNbX7QPiDX4/hvr0Vz4buVNhpsupPa3V4EN4sS70ihKMQxdtqtuyAy5IIyK/R+NuLOKMJnmPp0MdWhGNWqko1ZpJKckkkpWSS0SWx7FXMMweeVaarS5VOStzO1uZ6WvsfJkf7IXgZvEWmA+FfDcyRvdJqGmW2tX6i4IJe3wxlZmypVZDH91SXUHHOH/wAFEfgF8JPgho3w9uPhz8PIfDeoa1ZXj+IbCDXp9QVJkW0PliWV2DBHklUOqqHAyQD8q+x/AX45v488Z3MafDDVNInsbSOSzuobuKR2uls4GltZQrq8EizSyRKUBUiNZcrurh/+Cs7My+Ag0tw+JdXGZ7MxbTixym7ADspyh2KFARQMnNb+CvE/E2a8YYeljsdXqwbqXjOpOUXanNq6cmtGrrzsfS08biZ53QpKfutO6u9fdfT1Pof/AIJ2LdS/sTeDI7W/+ykHUSZhCHIH9o3XTPA/HP0PQ+g+KrDQP7Ivbe/0/VvEs0q/8eV2XkDfu2TyysaIsUfzbmRcEkKcVwP/AATiJH7Fng3HcakP/KjdV6r4kt7pNFu0uNfawgWAmSe3tt7IPUep/EfUV4nGcIy4lzH/AK/Vv/S5Hw2YSdPOKz/6eS/9KZ85/seaSND+InxE0jT/AATbv9t8S297qtvPEsH2ZjZwojRgkmJWEQ+UDnbk8153/wAFhJr+dfh21/aeUQdXGBcCQZH2LPQDHatf9lfxfoviL9r34reELvU7iJPDlzpSwmDSDC8s0trKzqyyEsiIAhU853FsDPy5H/BYK28gfDxxfy3AkbWCGlkViP8Ajy7qBXZ4Hq3GWFXnV/8ATdQ+hyxxfEVJrs//AEhnvX/BOE/8YXeDf93Uf/Tjdexr07xpN4bsfD17eatpwu444Qssc8blVVmCk7wvygA59eOOcV5j/wAE4f8Aky7wbhc/LqWRjP8AzEbqvUviHq+vaN4N1O98LWE8l3DCDm2RWKIcBvlb5T8pPXgda5eMnbibMf8Ar9V/9LkfO5jHmzmsv+nkv/SmfEH7E3ijw3eft3fHKee0t5ol/sa2t7FbiWSGC4hhmSSZXyWlLnYcNgLnanyrWh/wV+ksZV+Hj2Jg2ltXz5GAAf8AQs5Ucg59ab/wTi8OfE3Tf2i/jb8Vb6ae6k8T+NreHWo4dGiJtpLayhCx7wdsYEckeQOdxLdQ1Sf8FggpPw8kWLbuOr8HGf8Aly6kEg/Wu3wSVuMcI/Or/wCm6h7+VO3ElJeT/wDSGe+/8E4Dj9i7wYBjP/Ex6/8AYSuq6L9qW3XU/hwvhr/hJDY3GqXkaWsYgBa5YfIEGSBw0sZPPQHr0rm/+CcRB/Yu8GKR21EcnA51G6rnP26fFvxAu/GfhPwJ8LZbSy1O31GCZtT1HTi8cJnWdYSGlXypEVopZG53IYlD8GvK47duIcxVr3rVv/S5HkV1zZ9W8py/9KZc/ZY+D8/w78W+ItU8HeLftmh3XiK+uLiJUEbNvUIu4EAlSUUjBPKivHP+CwgIHw63DBxq/wAuc4/48q+qPgV4Wbw58OdPlvYtt5cQ7ZsWZgVlV5MOkZ/1YfcJCvUeYB0xXyz/AMFiP+adf9xf/wBsq+h8HaXsOM8FG1r+0/8ATUzuyWr7biWlLtzf+kyOP/Zw/wCCmJ/Z9+C+jfCEfBT+1/7I+0f8TH/hI/I83zbmWf8A1f2Z9uPM2/eOdueM4HV63/wV8XWoowf2f5oJYBIbS4i8YKXgdhjcu6yI49CPyoor+lcZ4bcFY/F1MTXwvNOcnKT56ivKTu3ZTSV2+isfb1eHMmr1pVZ0ryk22+aW71fUZpn/AAV4XStOt9Mh/Z9lkjt4QgefxiXdjksSWNpk8k/QYA4FeN/tiftin9rL/hHc/Dv+wP7A+1/8xf7V5/n+T/0xj27fJ987u2OSiujKuAOEskx8MbgsNyVYXs+eo7XTi9JSa2bWqNcLkOVYKuq1GnaS2d5PdW6trZn/2Q==\", \"/9j/4AAQSkZJRgABAQAAAQABAAD/2wBDAAIBAQEBAQIBAQECAgICAgQDAgICAgUEBAMEBgUGBgYFBgYGBwkIBgcJBwYGCAsICQoKCgoKBggLDAsKDAkKCgr/2wBDAQICAgICAgUDAwUKBwYHCgoKCgoKCgoKCgoKCgoKCgoKCgoKCgoKCgoKCgoKCgoKCgoKCgoKCgoKCgoKCgoKCgr/wAARCAA4AEUDASIAAhEBAxEB/8QAHwAAAQUBAQEBAQEAAAAAAAAAAAECAwQFBgcICQoL/8QAtRAAAgEDAwIEAwUFBAQAAAF9AQIDAAQRBRIhMUEGE1FhByJxFDKBkaEII0KxwRVS0fAkM2JyggkKFhcYGRolJicoKSo0NTY3ODk6Q0RFRkdISUpTVFVWV1hZWmNkZWZnaGlqc3R1dnd4eXqDhIWGh4iJipKTlJWWl5iZmqKjpKWmp6ipqrKztLW2t7i5usLDxMXGx8jJytLT1NXW19jZ2uHi4+Tl5ufo6erx8vP09fb3+Pn6/8QAHwEAAwEBAQEBAQEBAQAAAAAAAAECAwQFBgcICQoL/8QAtREAAgECBAQDBAcFBAQAAQJ3AAECAxEEBSExBhJBUQdhcRMiMoEIFEKRobHBCSMzUvAVYnLRChYkNOEl8RcYGRomJygpKjU2Nzg5OkNERUZHSElKU1RVVldYWVpjZGVmZ2hpanN0dXZ3eHl6goOEhYaHiImKkpOUlZaXmJmaoqOkpaanqKmqsrO0tba3uLm6wsPExcbHyMnK0tPU1dbX2Nna4uPk5ebn6Onq8vP09fb3+Pn6/9oADAMBAAIRAxEAPwD79/Yd/Yd/Zb+MH7Lfhf4jfEb4X/2jrOo/bftl5/bd9D5nl31xEnyRTKgwiKOAM4yeSTXq3/DtP9ifP/JFv/Lj1L/5Jo/4JqHP7E3gof8AYS/9OV1XuuRnGRn0r9S4o4o4mw/E2OpUsdWjGNaqklVmkkpySSSlZJLRJbHbmeZ5lTzKtGNaaSnJJKTsld+Z4V/w7T/Ym/6It/5cepf/ACTSH/gmr+xKvJ+C/Tkj/hI9S/8Akmvc925lHqcL7mqtzfw6Sn2u8k2Qg/vJHwAjAjGSegz37da8L/W7iv8A6GFf/wAG1P8A5I4f7WzS9vbz/wDApf5niP8Aw7Z/YpN4tqvwXz5oOz/io9SzwATj/SOTg/rWF45/YQ/Yd8GWkgPwJv7y7+yNPHaWOsajI+0c5JN0qrxzgnkZwK5X/goV/wAFB9O+FF1pHwg+AHgo/E3xpq1sb6Pw9o11OE0yFCWN1eyrgxROvIDNGNsbF2Cnn5y8R/s0/wDBQT9uWfTtc/ad/am1fwdpdpIsNz4b8DWZcPbFf3ewxliHkO4NLcNkEEhGK8eZW4/4rjNxpY6u3/19qf8AyR6FHE5o481XETS/xS/zPpb4h/su/wDBNv4ZeE7Dxl428Ff2XY6lBFLaSzarqshCyuqKZFinfZh2CkHBJBxnBxd8P/sKfsP+L9Aj8ReGPAY1HTr0SRwahYeIL4bWB2kojykq6nkrID2yuDXwX8Z/+CWfhLwfpMWveIPin8RfCmp/Y7i5h1jWF1E2es+QX3l5S7JBJIVBVJEXBGcYKs31h+yR8VbL9nn9nvSfgh4du7jWm8JR/atR1bxBGY31eGeR5pFBGxop4jKIgz+YwMcStlfmKw3HvGLrJV8bWUX/ANPan/yRtPFZjyXp4iba/vS/zPCv20v2YdF/Zl1PQdK0LVl1C31dbyeK9css21JEUQyJuKgpzh14fef7tFeqf8FXbvSdXsPht4h0XUHvLW/tdRmtLp9wMkDpZSRnacBPlfO0DHPvRX9geGeKxWN4JwtbE1JVJv2l5Sk5Sf72aV2227KyXZJI+/yGvVxOU06lR3k73b8pNH05/wAE1D/xhL4MIbBA1Ln0/wCJldV7b9riMvkSOyyAZK46ivDf+CbMjR/sT+DHXcuBqPzqucf8TK6r1XWNfsbSFpb5pAoYANZxs0yE9HjTG9vdMfMpbAJwD/KnFqvxXmFv+f8AV/8ATkj8szRc2aYj/HL/ANKZsSyiVvsFwrr9qbZC0Y5z/d9z3x7V53+0F8fPh58F/h9rPiH4s6z9g0nTbI3Nxew4dJNo3JCIchnb5MttOF4JPTMXjH9o34YeGNSg+G3jnxXpsOsatNd2fh5hKVivLyJcxRlGO8SsybtsfmKFVcld+K+Gf2qfGnjL9tnxrp/7Psl1s08+I4P7b1+8YRxPYRSoG+1QwBVVjLEXyB8yoWYBY0x8Fmua0cLQ5Yazk7JLdsrBYGc5801ZEf8AwS3+BvxU+NOv+M/2zvjHFfXOp/EvxC8tvp16jw2NxpUEimK3YCTa5MgLYbBj8lCCrFTX6O6TbaNogxpdlc2UwGwzyyM0jqvQMQ5DKBjA5AIGOBXFfCP4TWnwB+Hll8N/BVzElhaRLtt2nZopHxhmVu2eOdpyAMkmukhvrmV9s0ONqkcHcFPoCeo/L6V6GX4V4einP4uvqYYuo6kmlsjeXVZBFIsjq8UvFxC6bkkBIB3K3y/MCc4HTI6kV+av7fPhn4DfsuftIeAdC+JfxQ1m40vxN42stQ0DRprGS8fTNO8s2V/p8UKxt9rgeF1JlbMu+3QH5okJ/Re3eXGN3JUAY688f1r83f8Ag4g8B+P/AB9F8Eta+GmlXl/LpV/rVlqdraSkRqLqK3+zTMCNqt5kcirISNu0sOEDCcxpRlh3J7l5dKTxKjfQ6X/gpHP4on8B/C9PFklrNLANZt9Pv7XUPtI1GwjazW1u2PlRiOSSIKXj2nawJLEsQCuR/aY8NXXg/wDYq/Zj8PX1xeS3EfgS6mu5L93aZp5vsszl2dmYsTJzuJP4Yor+0PCb/k32B9J/+nZn6nw8lHKKaXeX/pcj7a/4JrxSzfsW+CoVVsP/AGiBhCc/8TO56Y/wOenGcin8dv2zP2efD9zqvwi8U+I9Vk1Cd7izjT/hHZTbTXibMxrJJjzVByAyDY5jkRHZ0IEX/BP7R7LxB+wn4U0W6McZurTV4Ybk7t0MjX92FkBHIIJBBGCO3OK+Af2jtE+MnwC+NZ+IGtaRJrd1p9zFHq2lzTNc+ZHFc+YjRsw3o5aTngkcAsUya/jfxPzmeVcWYtW0nXrK/wD3Elp5HyGGyqjmWaYqU5fDOWn/AG8y1+3hrfxZg1m3/a40jUI4bxNGtPDWkaW8Mr3M108vlFrCBFCxlIzK8nZyuOpZV+n/APgmDZ/DvVfhbDrepeADda1q0Yk1fxfq6LG13O2BDCEYhhG7LJHHGfMLGHOBxnlv2Q9Fuf2lNZ1TxD4gi1jQtL8PaZbDTF3+a06ztKi7GKoYnjdHHluHJjZjvfOT9PeHPBsei62NJ8b29hr+mazZBEv59NQus6OjpC6nCptjjOwRgAmPOVPDfKZRls62LWLb5k9rnPmuMp0aToLSR27aTa2u+LTmktF8wkwq52bu+EztQ5znaADxUsVjI23zDkngkL14pdM0F9MiW107UJlSMBY4Z5WkwuBwGYk49PTFatvbhGUkYOfmy3FfatWZ8rdlIW4SNnZSxSP5QgG4nB4Gememe2c1y3xU/Z2+FHx5+GOtfCH44eE117R/EtwJ9dthqM9s0kgAVBHPbyRywrGgESmN1OwEn75z3axK3LR4IpGVQCcc1MoxkrS1QRlKDvF2Z8Lf8FftPsdI0/4YaPpdoLe1s7XUraztwSRDDHHYRomSSzYC4yxJIxkk5oqx/wAFk1x/wrhvX+2P/bKiv7D8K0lwFg0v+nn/AKdmfrvDDbyOk3/e/wDSpHpX7A/x1+CHg39kTwl4a8YfGPwppeoW41AXOn6l4htoZ4d9/csu6N3DLlWVhkdCD0Nbnxq1v9i3446d5Hjb4x+Cpr2FXFrqMPi+0jniDLtYFlk+dSP4TnJABGM0UV+PcS8E5NmWdYuVdyfPUnJr3bXc29LxPl8TgIUsxq16c5KTlLZrq/Qv+EfiV+yF4DgnsvA/xQ+HelxXZje9e28S2Ylu3iiWKJ55DJulZY0RVJPyqCABk53E+PP7NFxbTWVx+0F4J8uVgwH/AAldmCjIQylT5nBDD9aKK86HAmTU4JRlNL1j/wDInHPKqFRuUpSb9V/kbEH7S37NwG6X9ojwLuPL48V2eGPUkfvOAfTsc+oqYftNfs1dv2h/A34+LLP/AOOUUVT4Iylfbn98f/kSP7Gwr+1L71/kOb9pz9mo8H9obwNj/sbbP/47TD+03+zQOT+0L4GP/c2Wf/x2iil/qTlX88/vj/8AIh/YuF/ml96/yPjj/grL8Tfhr8Rj4BPw7+IWh699j/tX7Z/YurQ3Xkb/ALHs3+Uzbd21sZxnacdDRRRX9DcDYGll3C2Hw9Jtxjz776zk+iXfsfoGSUIYfK6dOOyvv/ibP//Z\", \"/9j/4AAQSkZJRgABAQAAAQABAAD/2wBDAAIBAQEBAQIBAQECAgICAgQDAgICAgUEBAMEBgUGBgYFBgYGBwkIBgcJBwYGCAsICQoKCgoKBggLDAsKDAkKCgr/2wBDAQICAgICAgUDAwUKBwYHCgoKCgoKCgoKCgoKCgoKCgoKCgoKCgoKCgoKCgoKCgoKCgoKCgoKCgoKCgoKCgoKCgr/wAARCAAZADQDASIAAhEBAxEB/8QAHwAAAQUBAQEBAQEAAAAAAAAAAAECAwQFBgcICQoL/8QAtRAAAgEDAwIEAwUFBAQAAAF9AQIDAAQRBRIhMUEGE1FhByJxFDKBkaEII0KxwRVS0fAkM2JyggkKFhcYGRolJicoKSo0NTY3ODk6Q0RFRkdISUpTVFVWV1hZWmNkZWZnaGlqc3R1dnd4eXqDhIWGh4iJipKTlJWWl5iZmqKjpKWmp6ipqrKztLW2t7i5usLDxMXGx8jJytLT1NXW19jZ2uHi4+Tl5ufo6erx8vP09fb3+Pn6/8QAHwEAAwEBAQEBAQEBAQAAAAAAAAECAwQFBgcICQoL/8QAtREAAgECBAQDBAcFBAQAAQJ3AAECAxEEBSExBhJBUQdhcRMiMoEIFEKRobHBCSMzUvAVYnLRChYkNOEl8RcYGRomJygpKjU2Nzg5OkNERUZHSElKU1RVVldYWVpjZGVmZ2hpanN0dXZ3eHl6goOEhYaHiImKkpOUlZaXmJmaoqOkpaanqKmqsrO0tba3uLm6wsPExcbHyMnK0tPU1dbX2Nna4uPk5ebn6Onq8vP09fb3+Pn6/9oADAMBAAIRAxEAPwD77/Yp/Yo/ZO+Jv7Jnh74u/Fn4cRXV/NBqE+rapNr17bp5cN7cRhmEc6oirGgyQBwuc5PMPg3wF/wSJ8eePz8K9I8JiHW5PtAso59a1ZYrtkmZIo45DcYM0qKZVgx5mxWPAXJ679l/Rdc8Rf8ABKqz0bw35P22XS9TZPPlEaGNNVuJJAWJAUFFbk8du9fFv7Nf7N/xd8Sftgpe69+y1Joeo6d8SLTUtb8a2qXdi4sLOFbiBLiSeLCSO82EhQbZIpgWbAcj6/j3jrjPLeM8XhsLi6ypKrUtapNJJVHFJJOySW1umh9ZB1cTiMS54mcXGckkpNK3M/M+5LD9gP8AYtvddgjb4DlLK5uVjjz4l1EMinLB2P2gjDKCVAOSFPSugP8AwTT/AGJF3q/wUwyEK3/FR6l97v8A8vPrx+FeOfDzU/2k/CfxU+JPi/wr8KbHX0uNUitJNH1PxE9pe20qRJ5UdsJz5KwSb9uQMEtvAG4qets/20fih4Mhkuviv+xX8adBSGRXf+xLa28Q23mhhvVhazF5C20/N5ZGG6rjFeThvEbiecF7XHV03/09qd/U8mvUzWMmqeIm1/jl/mduf+CaH7Eo6/BX/wAuTUv/AJJpv/DtT9iT/oin/lyal/8AJNO0T9vf9ne/1DS7O6+Mmm2F54liI8O6b4otptMvJ5Ef54xBcJC29Rn5WOeDywrv/CPxs8I+MNCj1Pwxr2j6xzKXfS9URkG1mCYABK7lAJDHHXBIxXdHj/PpO39p1r9vbTv93Mcc8TnkVf2tT/wKX+Z+cX/BSb4HfC74A/HPSvB3wk8L/wBk6bc+E4L2e2+2zz7p2urpC+6Z3YfLGgwDjjpknJXSf8FeNVstV/aX0Y2Ts3keB7SOXOcBzdXbkA5OQNw5HHWiv7J4FxVfG8IYOvWm5zlBNyk229Xq29Wfp2S1KlXKqMqjbk1q3qz64/4JpuV/Yl8FjGeNS/8ATldV7P4qkm1DRZbO6mkk81NkeJiArEHDcf3eTz3HtX4cUV+b5x4KrNs2xGOeO5faznO3sr25pOVr+0V7X3sr9j57F8HvE4qpWjX5edt25e7v/MftXpHhmxitbqXWXF28x+zwCaNVjhjBIby1/gXJkGD0dCw5YVPL4Y8PJfNLaNLZ7kXbDbS7Io5ACBKFIIDYUkgcEglgS3H4m0V5cvAKjLfHr/wT/wDdTJcFySt9Zf8A4D/9sfsxr3w+0fXvD32fW4rTWCLprhYdVtFdU4PCbw/lucElkUZB4Arzhf2I/wBnXwx4h0bxV4V+AnhiLVtKWAQatpm6yeKVCDuKIyb0HzYJVt44IHf8rqK5an0dsFUlzPHK/f2Ov/p03jwpiIx5ViXb/D/9sfT3/BWX7UP2ldNiubURhPCMAidSm2Vftd2d428AEkjB5GMdqK+YaK/d+HMmXD+R0MuU+f2UeXmta/na7t97PqcFhnhMLCi3flVr2tf5an//2Q==\", \"/9j/4AAQSkZJRgABAQAAAQABAAD/2wBDAAIBAQEBAQIBAQECAgICAgQDAgICAgUEBAMEBgUGBgYFBgYGBwkIBgcJBwYGCAsICQoKCgoKBggLDAsKDAkKCgr/2wBDAQICAgICAgUDAwUKBwYHCgoKCgoKCgoKCgoKCgoKCgoKCgoKCgoKCgoKCgoKCgoKCgoKCgoKCgoKCgoKCgoKCgr/wAARCAAgAF4DASIAAhEBAxEB/8QAHwAAAQUBAQEBAQEAAAAAAAAAAAECAwQFBgcICQoL/8QAtRAAAgEDAwIEAwUFBAQAAAF9AQIDAAQRBRIhMUEGE1FhByJxFDKBkaEII0KxwRVS0fAkM2JyggkKFhcYGRolJicoKSo0NTY3ODk6Q0RFRkdISUpTVFVWV1hZWmNkZWZnaGlqc3R1dnd4eXqDhIWGh4iJipKTlJWWl5iZmqKjpKWmp6ipqrKztLW2t7i5usLDxMXGx8jJytLT1NXW19jZ2uHi4+Tl5ufo6erx8vP09fb3+Pn6/8QAHwEAAwEBAQEBAQEBAQAAAAAAAAECAwQFBgcICQoL/8QAtREAAgECBAQDBAcFBAQAAQJ3AAECAxEEBSExBhJBUQdhcRMiMoEIFEKRobHBCSMzUvAVYnLRChYkNOEl8RcYGRomJygpKjU2Nzg5OkNERUZHSElKU1RVVldYWVpjZGVmZ2hpanN0dXZ3eHl6goOEhYaHiImKkpOUlZaXmJmaoqOkpaanqKmqsrO0tba3uLm6wsPExcbHyMnK0tPU1dbX2Nna4uPk5ebn6Onq8vP09fb3+Pn6/9oADAMBAAIRAxEAPwD7p/Yu/Yt/Zo+LX7NHhr4g/EH4a/2hq+ofbPtd3/bN7F5nl3s8afJHMqjCIo4A6ZPOTXqP/Dun9jf/AKI3/wCXFqP/AMkVyH7KHxYPwa/4J5aN8QtT8H6ze2ulRXjq+j2y3hlLatLGivEGDRJ5kg8yRhtjj3SMVVWI6vxN+3h8PvAemeX8QvBN9peqfb47BNP/ALWt1imupGVVjjuZvLX5vMj27l+bzI/u7q/UuKuM87wfFGMw8cdWhFVaqSVSaSSm0kkpWSS0SPRx+Kzp5hXVKrOynJJKUtFzO2lxw/4J1fsblgo+D3X/AKmHUf8A5IqMf8E7P2PNjA/B75lOP+Rg1D/5Iri7j/gq78DrrVtmix6fY6StnHLFeeLNQmtZbpmXc8cawwyKqxt+78xm2sys23bt3OuP+CnnwouviFc6bonjbwDbeHlSFYpta1m8iupm2ruZWWFY41Zm+X5W+Vd38W1fln4i5yt8yrf+DZ//ACRgq3ETV/az/wDA5f5nZL/wTu/Y5YZ/4U9/5cGof/JFIf8Agnh+xyr4b4PYHr/wkGof/JFZ3hf9uTwx4i8VXVynj/4apoc140Wm2cfi2OW5kWNdsjNc+YsfmMyttXy/LX+833ql0j9sdGXUPEOq+J/hvc2flNPp2kw+KFil8vzFjX9+0jeZt3K0m2NW2q22rXiDnslpmNb/AMGz/wDkhKvn73qzVv78v8yW7/4J7/seQ6cbpfhFt27dzNr+ofxMq/8APx/tUL/wTz/ZDl1WXToPg8WeOJWWIa9qG5iSwA/4+PVWWsq9/ar8Raf4Fn0rWvFfgG/1O6dUXUrfUY4IrH7rSboGmb7QqrvWP5o/mVfMo1z9uSx8P3epeJwnhGFrHRmt4v8AisoU+3XDMsiXUcnzeRCrSM3lybpG2yf3V3KXiFnsYt/2jW0/6ez/APkilUz9tfvp6/35f5nKeLP2av2FdC8K2y6H8Ol1vWNV1QWWnQ6T4hvZdjPdtAzyP5/lRrDtbdubdlMbWNaHxA/Zn/4Jr/BTwVb+MvjLqXhXwrogkitpPE/jLxzc6Vay3DbvkV7i5jRpG2SFY1+YCPLqB81fnzqn/BSz4qaf8UPDnwR8PT3lnc6Z4jW1RdPuLjXNH1qFlkjkaSTyY1VWkb7R5jSM0bfd/hrqPj18bPiX4o/aA+F/iTxnfXGsQ+Fdb32FxeW8N1JJbtG0k67ZFWPdJHHJH5n+6u2vEfitxLFS/wBsrX6L2s/z5j2Hgs3ny2xU1f8AvS/zPvnXv2Lf2I9CSxjX4KXmpTanGj6fa6HrF/eSzQEr/pZZLoRrDtbcZSwUr9wOxCjyX/goV+yv+z98EfgjpXjH4TeA20u/ufFEFnNcSaldys0LW1y5QrNK6j5o0OQM8deTU3/BOn9qT4l/Fz4zeKfD2p+DLG38PapYR3FhdXEqpeafqUck26z8pVVVja1jjZVX+JWb+LbXa/8ABVh3P7OGjJJ1Hja2/iz/AMud5X6J4Y8bZ9xBxBg3VxlWUZTtKDqTa2eju7MWGnmmDz+jhqtaco36ybT+VzuP+Cek8Uv7GvhSykiEiPHqUcsbKrKytf3O5WVvlZWX5drfL81J8eP2J/hv8bPCv/CM6VqtxoJj1SPUYo5N1zZ+Yq7fLkgVo28ttse6OORVby13Lt3K3J/sNfGr4M+E/wBlbwt4d8WfFvwxpmoW5vftFjqOv28E0W6+uGXcjuGXKkEZHIIPevULn9pH4BrzF8c/BZO1enie0/8AjlcXF+S4zFcTY6Tw85J1qtmovZzlrseHmMMdTzWvKnGXxy6PX3meG6P/AMEyb/wH4hW58E/HvVprGPQ49OtbybWbjTLyzjVWWSPbbRyQz27M25VZfMVdqszbd1cfqv8AwSm0fVvG2p+HtTj1C98NtqStFqkfjqOJPL2xrIrW01u0isqrtZlaTcy/K3zNX0jqX7SnwOSPbD8bvCDu24KyeJbX5f8AyJVE/tE/BFIVSL43+FBh9zN/wklru/8ARlfE1uBlLR4Sf/gMv8hwxecRs+V/cz41H/BDL9mHxH411PS/FHwY8Zrcw3kyRX9j41jTT7hW/eRzLM0a7Y/mX920fmK33lrnPCv/AARI/Zvu49U0iw+E/wAVv7SsbVrWXT5NUt4o90ciqyxyyL5cm5V3RrHIzSfLt+9ur7jg/aF+CcS+a3xo8K7pHaV/+Kjtf4m+79/+7haS0/aJ+DFrYqB8a/C/Cs4j/wCEjtflZvm/56f3qj/UmuklHDzVv7kv8jRY3NNXyP7mfBd1/wAEef2WtX8DzfEDw94G+K39m286y6pdSXSxfZV27ZP3U0KzSbWk3SNHHIsaxturVm/4Il/DTxBq0vg+/wDD3xI3SaTHcaDcLf6XFHNCqxqyybtvlzLI23y5Nsjfu/7zbftmf9oL4MyaT/ZrfGzwsf8AR2h/5GWDoyt/t/7VZ8fx9+D0muR6nJ8Y/DIZbFIcnxBbdS7Ox+/6haz/ANRKzbf1ef8A4DL/ACNfr2Z8qvTf3M/KHwT+yv8Atb6D8ULj4Y/BO1vvDehXE/8AxO9Ls4rO+k1axt7ho2kvWkkk+yN8q+ZDGq7WVvvL930D9uTwT8S/Afh/RPidDpq2fh631mzi0u8uP3SLJ5MbfvJv9XHG00kka7tqyLG21a+3bx/2dtS8ZeLr7SfjvpWgXXiVU1FtT0zX7PyVunilgldo2GyRyRFKwb5mJNafgn4gfBjXPAdz4a+JXxF8EXt6W+xeIbXU9Ss5tL1MbAqulrK8kT20kXLRlW8uQlfvDc3lU+AsyVV/7PNLVX5Jf5HqyzPEwgnGm2/Rnkf/AAT5+BXhL4d/GOz+N+m/GBdS8DR6HqWnaXeaL4jh1DStQ1KS4j3eZcxt5azW7R3MfzNt+bau1m217J/wVCvdKu/2aNEOk6jFcRjxna/PFKsn/LnefxL8tdv4F+Kn7NnhPw9beEfDfxN+H2jaRZ2i2lr4esdW0+Gwhi/55xwxssax/e+XbtryT/goZ49+Cuq/s2aB4H+E/jDwjOmn+KoHh0fwxf2jJbQi2uwSkNuQIowWUYVQuWHPIr9S8LeGsfknEeCpypSsp3bcWls/I58NXxWP4go1pU2lfsz/2Q==\", \"/9j/4AAQSkZJRgABAQAAAQABAAD/2wBDAAIBAQEBAQIBAQECAgICAgQDAgICAgUEBAMEBgUGBgYFBgYGBwkIBgcJBwYGCAsICQoKCgoKBggLDAsKDAkKCgr/2wBDAQICAgICAgUDAwUKBwYHCgoKCgoKCgoKCgoKCgoKCgoKCgoKCgoKCgoKCgoKCgoKCgoKCgoKCgoKCgoKCgoKCgr/wAARCAA2AEQDASIAAhEBAxEB/8QAHwAAAQUBAQEBAQEAAAAAAAAAAAECAwQFBgcICQoL/8QAtRAAAgEDAwIEAwUFBAQAAAF9AQIDAAQRBRIhMUEGE1FhByJxFDKBkaEII0KxwRVS0fAkM2JyggkKFhcYGRolJicoKSo0NTY3ODk6Q0RFRkdISUpTVFVWV1hZWmNkZWZnaGlqc3R1dnd4eXqDhIWGh4iJipKTlJWWl5iZmqKjpKWmp6ipqrKztLW2t7i5usLDxMXGx8jJytLT1NXW19jZ2uHi4+Tl5ufo6erx8vP09fb3+Pn6/8QAHwEAAwEBAQEBAQEBAQAAAAAAAAECAwQFBgcICQoL/8QAtREAAgECBAQDBAcFBAQAAQJ3AAECAxEEBSExBhJBUQdhcRMiMoEIFEKRobHBCSMzUvAVYnLRChYkNOEl8RcYGRomJygpKjU2Nzg5OkNERUZHSElKU1RVVldYWVpjZGVmZ2hpanN0dXZ3eHl6goOEhYaHiImKkpOUlZaXmJmaoqOkpaanqKmqsrO0tba3uLm6wsPExcbHyMnK0tPU1dbX2Nna4uPk5ebn6Onq8vP09fb3+Pn6/9oADAMBAAIRAxEAPwD6w/Zn/ZV+CvxF+AmheN/Ffgo3epXwuvtFz/adzHv2XUsa/KkgUYVVHA7V0XjP9lj9kn4c+Er/AMefEDw0mk6LpdsZb7UJdVvG8sdFCqJSXZm+VUAyx445Yeg/sJ6SLn9kbwnceWXyuofKFBP/AB/3A4z37fjXyZ/wVu+Md3reuD4M+Hr1JNO0IvFdQxKGjn1AgKztnI+UkopHoexNfp/HHGPEeWZ5jIUMbVjatUjFKpNJJTaWilZJdloeljMxx8czxF681GMpaKT2TeiVz4y/a1+L3xO8WeNrP4j/ALIVvZeG/BOpadqJ0rwvct/ampStBc/ZRNOWQ+QXdJHiiDsNmS7sAC3H/s8ftDfHy88Y33w38dWEOpeJUAbQY/FFhHb2V7ciLzUtZktJIJRvZRGwWVG2S7kfcoB9J8X+KvFNx8MPBksutaPoltpPhxpdd1XUL1bXzIheTApFkEyzvjCphWJTqMA13Hgjwb+yf8cbGz8QeNfh/rPhCawsEg0VfCWmK8mpqsgkM91czyvvYoHVXEe9D8pkKhTX5c+MfEKLlOpmldJPT99Us/T3j0KXEMazhGnUm20r6vQ+if2Iv2hf+CWf7WHha8j+KHwi/wCFSeNdICpq/hDxf4tu0S5mCO8y6bM1wr3gjCHMbRpMoYZTkMfsfSf+Cdv7Heq2sV3a/B5po5IFmSSLXtRKspUHP/Hx6c56Yb2NfkR+1j+yDoPjtIPiF4P+Osfj270y02/2b4s02Ky12aFZMJNKyb47i4jjjSJpFAEihRk7Awo+Df29/wBqjTPDvhz4Z2X7Qvi63Tw0SyaRd6jJHYPHFIpR4TG2cB8KVdikbIAFwOfah4j8XRpKVXGVvVVZ/wDyRx16+PdV+yxM7f4pf5n7LQ/8E3v2MWZVf4M5JHT/AISLUc89P+Xj61bX/gmt+xQcZ+C/Xp/xUepc/wDkxXjv7Nn/AAV2+HmuaLYeCP2gNP1SXxDYRW1rqnirw/ZpJZXjyHZ9qkhj8vyS7EF1jDKCSQFAwPtVUaNuUxkDaVPysB3HTjJIGRng+levhuOOJcXC9PMK9+zq1L/+lHm1swzig/frTt355f5n5af8FJvgd8LvgB8c9K8G/CXwx/ZOm3PhOC9nt/ts8+6drm6Qvumd2HyxoMA446cmiur/AOCw5J/aZ0PIx/xQtr/6W3tFf2DwLicRjOEcHWrzc5ygm3Jttu73b1Z+qZJUqVcpozm221u9WfSX/BOiJB+yL4JuWOMS3wO04JzqVyMZyK/Pr9vAeBPhn42v/FXxh+IGmaBZXerXcVvN4gvIrNbxzMT+6EjZcZYHdggcHPSv0F/4J2zm3/Y48HTb9m1787snA/4mNyOccnr/AF7V+Yn/AAcofsKePPHFqP2j/BEGqXzeFZEMmlW8Ylhl0iZnLzRRrl1kt5G2yhQd0YLcFRX8ZeI9F1eLMS27R9vVT/8AA5H5tXjTnmOLjLX35W/8CZieA/D/AIB+KEMPjj4b+LdJ8QaOV/0e006/+0QQzI7CSSKRSGkJI+ZS2AykZHIrrf8AhD7TSNIjufCJubu10sSG80iY4urNz8zz27tksASGeByVKg7DuC18Y/8ABF/4RfHD4jeD/iT438G6TqU/hHwrqWlNb2+1lW51O5mcTxWrtgeYLWNZJACcbImcDcAf0U0/4ca5HFa6pq3EiRD7RI6qGliIHEmByykN9eeBkZ/Mszfsn7Obuo7GFCg4T9xWbOQutCsNb1DT9SEiS6l5XlyRQZE0qt8wkiA5LYOSOpAJO7bXyf8Ato+Bbr4QePH8ZeHJ7q9sYvKvLTMiAgvEzSRsE+Ry+1gWBw3ythSvP2hrvhez0LVZ7/8AtSNRov2c6ZdQTKUjVJvOT5lx0yV3A9PavN/2udO8I+LPEdrrOleQv2y1ebUpbeRVicAB45mQfIrq38YxuAOQTXkUsbBy5Hdpn0Kwc50Vf4tl6ddDx34EeM/D/inw4ui+LdHubi0v9HeOazjvMybJAf3ak4+Xa5JA5+bjpX7nfsW/tOeBv2mPgzZat4ZtH0/VNCtLay13Rpl2m2ZYlWKRB/zydUOCeQVZT0Ffgf8AsXaHaeHLeIa/MZ4UlJ2zIZWghVx+6j2/xEAbj7ZXO0Z/aT/gmH8Mfh1pfhLxf8ePA2tahdHxbrMFo1je3ZmSwitrZPliLjeolMgdlZiNyZUAMRX12VqdPFe7B6rVtnytSdOpGdP2i917WPB/+CwxY/tMaFuUg/8ACCWvUf8AT7e0Uz/gr+c/tKaFyT/xQttnP/X7e0V/fvh7/wAkXgf8C/Nn6rkH/Imof4T6O/4J8bz+x14OQZwx1Acf9hC5rv8Axz4Y0rxbYpb6tCXKNut5SudmcZB4JK53ZHfNcL/wT1tjcfsb+DQCMhdRIyeh/tG5r0/UolX5CFB/hx6V/KPGFOFXifHxmrr21X/0uR+VZnUlSzeu4/zz/wDSmeXTfCiPSYEs9BWG2gVgxhjLKpUjBQDdgDAGeD0HpXNa/wDAq7uVB0a3sIgzs6iK4Vl5OeQUXPp36161PG7jjnIKgZPf6V4/+1X8YPH/AMI/BxufANlE19d20zW9z9jNwQIUZmbDNtVeNv8Aq3OWAxySPhsflOXujz1E/kzXCY/HSqcsGr769jyj4rfsn+J7bSj4t1R9A07TdDjbN9rnia2srW2R12sskzsFxxgZyeMgHpXw1+1E3h7V9U0vwh8CvH+i+NI9ShuJdduPCtrPNZwIox5HnzJF5z4BYlF8tcKAzkHb7V4+8Y+NP2sPgFrnjn45/EbU73TPB9idVtdN8QacLeNLt1+VhDFGucrGcrg/wkYwa1/2DPgVb+PfiDBMfhne6jYWSSTRaklibdLYiFgE86VigD7lG0k/eJ7Yr5COAwbnN0acm4rZ7M66+c5jOEIK1p9f5fM4b9gr4JeD/GGpS+AdX0kzKYwbHS47AF7u5ZcrEjknhpMgk+22v0s/4J4fBz4o/AT9nc+FfjPZ6baeJ9S1+51PUrDSbpriCyDBIo4RIyrkhIwxGDtLYzXkv7CX7Gfi74W/E7XPjD8YLDSrC4ttZvl8E+HtKIeO2glkcJdSPvdpGWJtihiSpLEcEAfX+lkZEbg8oAT2AHQfqea+oyvLnSft56OSWnRHjObjR9lKzab97qz8+v8Agr2c/tJ6GfXwNbf+ll7RTf8Agru279pLQzgj/ih7br/1+XtFf3hwA78GYJ/3F+bP1/IP+RPR/wAJ0n7Kf/BQ/wCCPwN/Z/0D4VeL/DHiq41LSjdfaJtNsrZ4G826mmXaXuEY/LIoOVHIPXqe2v8A/gqv+ztcoFh8H+NVx3Om2f8A8lUUV+S53w5k1fOsTUnSvKVSbfvS3cm31PkMdluCqY2rKUNXKT3fd+Zl3H/BTr9n6WQFfCvjPaByp0605PX/AJ+agb/gpj+z6yvE/gzxc8cjbpFl0+0cMSMEkNcEe3HYmiivLfCuQy0dH/yaX/yRyvK8Dde5+L/zMrVf2+/2Tdb0qfQdV+EGsT2N3tF5Zv4c0/y5gpyoYef8wBA49Ca2rX/gpt+z1Z2i6fa+DPFsFun+rtbXS7SKJM9cItzgZP5Ae9FFEeE+H4tNUNf8Uv8A5Ip5bgmrcv4v/MvWX/BUz9na0wR4K8ZZXoRYWh/9uq0rb/grN+zlHhZPBfjbBGG26dZ5/wDSqiilLhbIW/4P/k0v/kiI5Xgb/B+L/wAz5b/bo/aL8EftN/FrTfHfgHS9VtLKy8OQ6fJHrEEUcpkS4uJCQI5JBtxKvOc5B46ElFFf0Dwvh6OE4fw9GkrRjGyX/Dn6FllOFLL6cIrRI//Z\"]}]', 11, 11, 0, 0.5369, '1.0', 'success', NULL);
INSERT INTO `inference_results` (`id`, `image_id`, `device_id`, `device_code`, `inference_at`, `raw_prediction`, `total_objects`, `total_jentik`, `total_non_jentik`, `avg_confidence`, `parsing_version`, `status`, `error_message`) VALUES
('d657139e-73a5-4c0f-bf79-ea89dcff39a5', 'c300a902-e80e-4da5-b838-1eb4676c9e6a', '4ebc0405-7647-436a-a448-4ac8f0a462cb', 'test', '2026-01-01 21:31:20', '[{\"dynamic_crop\": [\"/9j/4AAQSkZJRgABAQAAAQABAAD/2wBDAAIBAQEBAQIBAQECAgICAgQDAgICAgUEBAMEBgUGBgYFBgYGBwkIBgcJBwYGCAsICQoKCgoKBggLDAsKDAkKCgr/2wBDAQICAgICAgUDAwUKBwYHCgoKCgoKCgoKCgoKCgoKCgoKCgoKCgoKCgoKCgoKCgoKCgoKCgoKCgoKCgoKCgoKCgr/wAARCAAaAD4DASIAAhEBAxEB/8QAHwAAAQUBAQEBAQEAAAAAAAAAAAECAwQFBgcICQoL/8QAtRAAAgEDAwIEAwUFBAQAAAF9AQIDAAQRBRIhMUEGE1FhByJxFDKBkaEII0KxwRVS0fAkM2JyggkKFhcYGRolJicoKSo0NTY3ODk6Q0RFRkdISUpTVFVWV1hZWmNkZWZnaGlqc3R1dnd4eXqDhIWGh4iJipKTlJWWl5iZmqKjpKWmp6ipqrKztLW2t7i5usLDxMXGx8jJytLT1NXW19jZ2uHi4+Tl5ufo6erx8vP09fb3+Pn6/8QAHwEAAwEBAQEBAQEBAQAAAAAAAAECAwQFBgcICQoL/8QAtREAAgECBAQDBAcFBAQAAQJ3AAECAxEEBSExBhJBUQdhcRMiMoEIFEKRobHBCSMzUvAVYnLRChYkNOEl8RcYGRomJygpKjU2Nzg5OkNERUZHSElKU1RVVldYWVpjZGVmZ2hpanN0dXZ3eHl6goOEhYaHiImKkpOUlZaXmJmaoqOkpaanqKmqsrO0tba3uLm6wsPExcbHyMnK0tPU1dbX2Nna4uPk5ebn6Onq8vP09fb3+Pn6/9oADAMBAAIRAxEAPwDwD/hKfCfhho/EXh7TLexJhP2qR+BtHJ6+4Fee+Kv2xfgfrEtxaaV4mnimgcqyuP3bNjkqCPWuQ/awt9el+FF7qul3TQ+XtQxo+PMG05HXjnFfFU/hvxBeruisI0ZCrAMSSwK5PSvjMDl8ZQvKR9TWrza2PsDw7460r4n+I1e01O7uRFNnOPlIz7V2Or+OdTVbpdPkENxaoF8tm5JBGPrxXxr4Lk+M/gexil8N2kqLenEQT1Bz6+gNdtH8evjdpNsLW80uBmn+R3uLUNk+vPvRWy6kpXTFTxVlZn0/4J8Y6jp1xHqGqqJPtCBpLk8qh9OK6y7+IV34gcWtq32a7tmDW08bYUntz0PHbNfK/hH9se70GKXw9400GF7ILtuUjsCpLdyGGcV1/hL9qr4N6XbDUbhbuDa2UhmJYIO2BjOfetKdCtTa5TV1oz2R9hfDT9rrWdC1K3tfECPJI4VZZATjK8frX1R4G+LXhXxnY/bIJCGCguobGPzr8u9H+PXhj4ia5/YnhHUVmedg0KhQpHGSOcY6V7R8Pvibr3g62eO7v5IBt8sDliSPZc16lDH16DszzK+EjU1Z4/8AtEWd3J4VfSpb0+VJMC2ASANpHb3xXhnhbwNJcSBLiQYDgMUGcDoOn1r33x+BL4PuBINw2dG57ivHPDf7pLoRfKPOHC8V5UIOGiZ6ikpbo6fVvCetaf8AZdPtJlWK2wYnZMgkjvjpV7wromjI7TeL/D6XbwktG6qcZz9MVteGP3trdCX5sQKRu57Ve0Mk6bySeW/kaxqSlHqDhDscz4o8DeBvFtl/aEWjJp+XId1wGHauB8e/steGLfVCW1PUWmmhDwB5Q8bHGQCFHFe3afFFNeGKaJWXys7WXIri7cltZ1J2OWjdthPVeD09K6KWImojjbseMaX+z549+HN5D45mvJEjSbdiyO0qo9cn0r6T8E6xrU/h63utHv2liljDSSXfzOHPauX8Mzz3vhu9S8meUbG4lYsP1rtfg/FGvhcII1ADcACuqN68veM60ly7H//Z\", \"/9j/4AAQSkZJRgABAQAAAQABAAD/2wBDAAIBAQEBAQIBAQECAgICAgQDAgICAgUEBAMEBgUGBgYFBgYGBwkIBgcJBwYGCAsICQoKCgoKBggLDAsKDAkKCgr/2wBDAQICAgICAgUDAwUKBwYHCgoKCgoKCgoKCgoKCgoKCgoKCgoKCgoKCgoKCgoKCgoKCgoKCgoKCgoKCgoKCgoKCgr/wAARCAAxAD4DASIAAhEBAxEB/8QAHwAAAQUBAQEBAQEAAAAAAAAAAAECAwQFBgcICQoL/8QAtRAAAgEDAwIEAwUFBAQAAAF9AQIDAAQRBRIhMUEGE1FhByJxFDKBkaEII0KxwRVS0fAkM2JyggkKFhcYGRolJicoKSo0NTY3ODk6Q0RFRkdISUpTVFVWV1hZWmNkZWZnaGlqc3R1dnd4eXqDhIWGh4iJipKTlJWWl5iZmqKjpKWmp6ipqrKztLW2t7i5usLDxMXGx8jJytLT1NXW19jZ2uHi4+Tl5ufo6erx8vP09fb3+Pn6/8QAHwEAAwEBAQEBAQEBAQAAAAAAAAECAwQFBgcICQoL/8QAtREAAgECBAQDBAcFBAQAAQJ3AAECAxEEBSExBhJBUQdhcRMiMoEIFEKRobHBCSMzUvAVYnLRChYkNOEl8RcYGRomJygpKjU2Nzg5OkNERUZHSElKU1RVVldYWVpjZGVmZ2hpanN0dXZ3eHl6goOEhYaHiImKkpOUlZaXmJmaoqOkpaanqKmqsrO0tba3uLm6wsPExcbHyMnK0tPU1dbX2Nna4uPk5ebn6Onq8vP09fb3+Pn6/9oADAMBAAIRAxEAPwD5J1LS7DVYreW3umjW3GSA2MtUCJd3Nyz3snmRIu2Aqclabe3Fv9oD2jlrcgFtp4BqtZavF5Us+n7iufL+U9GHf61+R13pdn3dGHs/eOqsPEkEcIu9Q1WKS3hIALrgR49v614v8QP24PHOqX7fD74TCIQxTOJrouzMWBzkfgK6vxDv1XwzNp8TOkrqSWU4IJ7183/s467onhj4/XGi+JrZ7qCXz1Tb/fKuAf8A69erleEp1qcpEYjEX0R9yfs9/ELxpdeG7WDx6gumniLrd9SMDI5PvXb+LmS7S0m0uNbmWQ4YAZ2j3rjPA7iTRk0jTZYrdLeEPErr8zAnpnvWQPjBe+EfippngmXTZYrDVEIkv3UkIx689ueK4oYZxxDLg/3Z6Tpng3y9Km1G7gWb5sRKJMdetNsvFGvaHD9igtYlQnIUyscY4q9oeqqwl0MWDbLWVzHdn7s6k8EetaQsbS5G59v0xVWca1jnnJWPm++TUtAtrnwzd+H5LW7s5x5kM8OGfnn8KyNUCabbPfeG5NgUiW8gd+FfvgfSvuT9qf8AZqtPjas2s+HCmlazNIPNv1G3A3DjK8sfr0r82v22/D3xv/Zl1q20K/0S8SzuG2S60YwY7w+vy8g47mvo8bw9Wp1HGxy0s0jK0TqU8TDUy+o2d4ghl+R1Y/KCOuBXzPdSrpXxwS40FWObgk7OPmz2q/r/AI88XSanpnhvwzHLH5yLK0ETNukY4ycHjFb3wn+Bvi698Yv4r8YSSWccTF1Eg355AxjtzXPhcJHL4yc3uXUrRnJM+ofBviHX3sbS4vLJiVVF35wcccZrtYZYdQiN/r3hyG7jhYNDuw7pzk5J+lebQ+ILyG3t7W7nMdqNvlzxndu2/wCz61P4v+Mul+BvDl144ZZbdbMFprF8f6So6EL6cdK8anCvUrtU9T1I1EqCPYdBGsPq8Wp3utMmnW9u0cVqrn5C3zDd71evfE9z9pXTvO8sIhYSq2C/Pc968L+D37aHhP41+Nh4A0LwfdWBuoXkuGkwfMZFzkenFep3Tx63ebRFJF9mj8s8kZ/KorYavTn7+5ySqxPt/UVm0y/Nsl2badiStnLkq4x2PYGuK+LXwG+E3xx099D8deHbYqFJW8DBmWQjHGRXG/sq/tcWXx40j/hBfiklpZ+IbQFbS+MoUyADjnrmvX7nw6vh428ayRzvn986XfnDOchiMnFftWGrYfGUk57nw7qVIu5+fH7Rv/BMb4i+CNdt/GPwoMWtWXm5jszHh4lzyCfpXC2kN74Dtxo9xo8lpfSrIl7HdBiMD5zjP0r9VIJbiF5XvJdkDJmOaNASDj72O+K4r4nfsufDb41eGZpL7TY7K9MMq2usQxKG3shXJTHXmvCzDJIYmV4nZQxqjqz8s/F3xc0fTPM8P+CNOuLy/EYcpBGMA7xnHpXE2Pwr+Jfx21m41Lx7f6jptpCNi2QhAEgPQY6EV9NeMP2DviB8DtXl1ZvD/wDaEMKANrKgl5Pn6bawtdi3Sbr5pLJ0uFKoItmRt6ce9fOVMJWy9+6j3KGM9srHC/DT4EaB8GvjFD4r0qe83y2kqxiS2UInIBJA9q92fxPPp8SMniS2BmG87YwG/GuEsv7d1i8861lSfylOEYcsO/PvTJDpd1es9xdlJ0Xa8CrkJXm4qLrzuzblctEZfwS/5Lfa/wDXUfzFfoR+z1/yN+p/9c//AGSiivtst+CJ8zU+E7nW/wDWx/Vq39I/5AB/6+E/nRRX0MPiPOexW+Mf/JM5/wDrk/8A6FX53ftFf8hdv94fyNFFfN5r8LPay/dHPeCP+Pk/9cT/ACrA0r/kZtR/3z/Oiivkavxnv09z/9k=\"], \"detection_predictions\": {\"image\": {\"width\": 763, \"height\": 508}, \"predictions\": [{\"x\": 265.0, \"y\": 415.0, \"class\": \"Jentik-Nyamuk\", \"width\": 62.0, \"height\": 26.0, \"class_id\": 0, \"parent_id\": \"image\", \"confidence\": 0.5745553970336914, \"detection_id\": \"f4658547-b799-466b-8179-4a58c9fde89a\"}, {\"x\": 168.0, \"y\": 391.5, \"class\": \"Jentik-Nyamuk\", \"width\": 62.0, \"height\": 49.0, \"class_id\": 0, \"parent_id\": \"image\", \"confidence\": 0.4234769940376282, \"detection_id\": \"e3911e08-8682-42b2-a237-a9ad392f3130\"}]}, \"bounding_box_visualization\": [\"/9j/4AAQSkZJRgABAQAAAQABAAD/2wBDAAIBAQEBAQIBAQECAgICAgQDAgICAgUEBAMEBgUGBgYFBgYGBwkIBgcJBwYGCAsICQoKCgoKBggLDAsKDAkKCgr/2wBDAQICAgICAgUDAwUKBwYHCgoKCgoKCgoKCgoKCgoKCgoKCgoKCgoKCgoKCgoKCgoKCgoKCgoKCgoKCgoKCgoKCgr/wAARCAAaAD4DASIAAhEBAxEB/8QAHwAAAQUBAQEBAQEAAAAAAAAAAAECAwQFBgcICQoL/8QAtRAAAgEDAwIEAwUFBAQAAAF9AQIDAAQRBRIhMUEGE1FhByJxFDKBkaEII0KxwRVS0fAkM2JyggkKFhcYGRolJicoKSo0NTY3ODk6Q0RFRkdISUpTVFVWV1hZWmNkZWZnaGlqc3R1dnd4eXqDhIWGh4iJipKTlJWWl5iZmqKjpKWmp6ipqrKztLW2t7i5usLDxMXGx8jJytLT1NXW19jZ2uHi4+Tl5ufo6erx8vP09fb3+Pn6/8QAHwEAAwEBAQEBAQEBAQAAAAAAAAECAwQFBgcICQoL/8QAtREAAgECBAQDBAcFBAQAAQJ3AAECAxEEBSExBhJBUQdhcRMiMoEIFEKRobHBCSMzUvAVYnLRChYkNOEl8RcYGRomJygpKjU2Nzg5OkNERUZHSElKU1RVVldYWVpjZGVmZ2hpanN0dXZ3eHl6goOEhYaHiImKkpOUlZaXmJmaoqOkpaanqKmqsrO0tba3uLm6wsPExcbHyMnK0tPU1dbX2Nna4uPk5ebn6Onq8vP09fb3+Pn6/9oADAMBAAIRAxEAPwDzD4lfFS98I63LaW9/HDFbKGuDKEwBsDZ5Hv615Lr3/BQP4d3MtxaaB45lgmt22MJLWMqzY6ruTOM1zv8AwUOs9eOm6/qWlXjRCJoE2K+DIDApI9ucV8Cz+G/EF6u6KwjRkKsAxJLArk9K+h4p4n4wo8YZlSp5pXhCOIrKMVWqJRiqkkkkpWSS0SWiR9vjsdioYicYyas31fc+9vBv7YnxN8c619m0Tx9PJEsuGC6Ta7SPr5VdFq/7TnxYWO7jsPEiRT2y48t7OAknI9U54r4O8FyfGfwPYxS+G7SVFvTiIJ6g59fQGu2j+PXxu0m2FreaXAzT/I73FqGyfXn3r5mtxdxupe7m2J/8H1f/AJM56eZ4lLWb+9n2L4W/aR+KwWGTxBr6yxyxhnnFlCEjPodqVvt+0B431USafp+qrbXCf6uYW8bI/oMlSORXx94R/bHu9Bil8PeNNBheyC7blI7AqS3chhnFdf4S/aq+Del2w1G4W7g2tlIZiWCDtgYzn3ojxnx5F6ZniX/3Gq//ACRq8wxE9py+9n1p4I/aUijvbew8Y6Qs7PgSsmVGQcE/LjrXuWp6t8Ote8Jxan4Q0/ybn7Sgl/fyN8hRiR8xI6gV+f8Ao/x68MfETXP7E8I6iszzsGhUKFI4yRzjHSvon9nTW9Yn1S40XUXYLHZFgjODyroM8f71ff8AhxxlxZjeNsDhcVjq04Tmk4yqTaas905NMeBq4yePp81WTV9ru33XPI/254Lm71rVLBrorDLLAWABOB9nQdvfH518z+FvA0lxIEuJBgOAxQZwOg6fWv061nwL4I8RySS+IfB2lX7S481r3T4pS+AAM7lOeAPyrNt/gp8GrQFbX4SeGIgx+YR6Dbrn8krfinw9eL4qx+IWKtz1qsrcl7c05O1+dbX7HfiMGp4ibb3b6eZ8Mat4T1rT/sun2kyrFbYMTsmQSR3x0q94V0TRkdpvF/h9Lt4SWjdVOM5+mK+41+F/w0VSq/DvQgD1A0iHn/x2nJ8Nfh1GuyPwBoir6DSoQP8A0GvnZeGkv+gv/wAp/wD25g8uhvf8P+CfDnijwN4G8W2X9oRaMmn5ch3XAYdq4Hx7+y14Yt9UJbU9RaaaEPAHlDxscZAIUcV+kDfDP4bsu1vh9oZHodJh/wDiaj/4VN8K/N8//hWnh/f/AH/7Ggz+eyuin4dTiv8Ae/8AyT/7cqOBS6/h/wAE/LbS/wBnzx78ObyHxzNeSJGk27FkdpVR65PpX23+xTqNzqGvSTxXkk9tJobu73DZkEhli4J+ma9wf4W/DKWFraX4c6C0bfejbSISp+o21b0DwX4O8K5Phfwnpmm5XafsFhHDlcg4+QDjgflX2XAnArwHGODxbxHNyTTtyWvo+vM/yN8NhVHEwlfZn//Z\", \"/9j/4AAQSkZJRgABAQAAAQABAAD/2wBDAAIBAQEBAQIBAQECAgICAgQDAgICAgUEBAMEBgUGBgYFBgYGBwkIBgcJBwYGCAsICQoKCgoKBggLDAsKDAkKCgr/2wBDAQICAgICAgUDAwUKBwYHCgoKCgoKCgoKCgoKCgoKCgoKCgoKCgoKCgoKCgoKCgoKCgoKCgoKCgoKCgoKCgoKCgr/wAARCAAxAD4DASIAAhEBAxEB/8QAHwAAAQUBAQEBAQEAAAAAAAAAAAECAwQFBgcICQoL/8QAtRAAAgEDAwIEAwUFBAQAAAF9AQIDAAQRBRIhMUEGE1FhByJxFDKBkaEII0KxwRVS0fAkM2JyggkKFhcYGRolJicoKSo0NTY3ODk6Q0RFRkdISUpTVFVWV1hZWmNkZWZnaGlqc3R1dnd4eXqDhIWGh4iJipKTlJWWl5iZmqKjpKWmp6ipqrKztLW2t7i5usLDxMXGx8jJytLT1NXW19jZ2uHi4+Tl5ufo6erx8vP09fb3+Pn6/8QAHwEAAwEBAQEBAQEBAQAAAAAAAAECAwQFBgcICQoL/8QAtREAAgECBAQDBAcFBAQAAQJ3AAECAxEEBSExBhJBUQdhcRMiMoEIFEKRobHBCSMzUvAVYnLRChYkNOEl8RcYGRomJygpKjU2Nzg5OkNERUZHSElKU1RVVldYWVpjZGVmZ2hpanN0dXZ3eHl6goOEhYaHiImKkpOUlZaXmJmaoqOkpaanqKmqsrO0tba3uLm6wsPExcbHyMnK0tPU1dbX2Nna4uPk5ebn6Onq8vP09fb3+Pn6/9oADAMBAAIRAxEAPwDxb4r/ABH8daJ40u9K8P8Aij7Jb2wjzF9khfJMat1dCe/r3rlrb42fFo3Ehn8UhosYjMdjBnP/AHxTPjxKY/irqXzMY8QeYAeAfJj/AKVxllq8XlSz6fuK58v5T0Yd/rWXH3HPG2C40zOjQzTEQhHEVoxjGvUUYpVJJJJSskloktEtEfpFSriIYib53a76vuekWHxx8YxxNe3/AIwieBSAzG0iXZ6g/LXh3j//AIKKfFvU/ELeFfhPc2hMTukt7JaxuSRzwCuOg9K1vEO/VfDM2nxM6SupJZTggnvXzf8As467onhj4/XGi+JrZ7qCXz1Tb/fKuAf/AK9eZlnG3HNenKTzbEv/ALj1f/kzkr4+tfSTXzZ95/An4zfEzW9Etn+I00dzJcRFxdw26IOmRwqgV3PiLxdr0UNs3h+9Eryn94qxqdo9+K878DuJNGTSNNlit0t4Q8SuvzMCeme9ZA+MF74R+KmmeCZdNlisNUQiS/dSQjHrz254rijxzx+q7TzbFW/6/wBX/wCTNI4nEcl+d/ez2PTtR8YrpU2pXmoibDAQqqRj65wvapPBviTX9V1aSw1cR7BbtIpUDIIZRjge9Zuh6qrCXQxYNstZXMd2fuzqTwR610Hh2KEXjTIRnyiMD0yK+78MeM+Mcd4h5fhsVmWIqU5VEpRlWqSi1Z6OLk016o0wmJryxUE5tq/dnhnx91ORfiNrVjBp48yOS2cMyf60eRH37jt+Fee6oE022e+8NybApEt5A78K/fA+lfYfxT/ZltfjN8PrPUvDs66frLZSTUsbTtEpAGRyxxxz0r8+/wBtvw98b/2ZdattCv8ARLxLO4bZLrRjBjvD6/LyDjua8DxCySrPjbM520liKz++pJnm4jMorG1KfaTX4nUp4mGpl9Rs7xBDL8jqx+UEdcCvme6lXSvjglxoKsc3BJ2cfNntV/X/AB54uk1PTPDfhmOWPzkWVoImbdIxxk4PGK3vhP8AA3xde+MX8V+MJJLOOJi6iQb88gYx25r5HC4SOXxk5vcwqVozkmfUPg3xDr72NpcXlkxKqi784OOOM12sMsOoRG/17w5DdxwsGh3Yd05yck/SvNofEF5Db29rdzmO1G3y54zu3bf9n1qfxf8AGXS/A3hy68cMstutmC01i+P9JUdCF9OOleNThXqV2qep6kaiVBHsOgjWH1eLU73WmTTre3aOK1Vz8hb5hu966zwPrk154kfSXUbY7JnDgct86Dn16182/B79tDwn8a/Gw8AaF4PurA3ULyXDSYPmMi5yPTivffhXepqHjGdlt2jNvprREMOvzof6V+heFOHrUvEzLHU39qvyYYOoni4LzPpX4ezvb+ELAQan5csgl228oO2QeY/5VlfFr4DfCb446e+h+OvDtsVCkreBgzLIRjjIrI+Dnxz8HeINfv8A4E+I1trPUNIcHS72SQIzrLGsuM9fvSEV6Jc+HV8PG3jWSOd8/vnS784ZzkMRk4r9I4onh8RxTmEZ7qvWX/lSR8Tmk6kMzrv+/L82fnx+0b/wTG+IvgjXbfxj8KDFrVl5uY7Mx4eJc8gn6VwtpDe+A7caPcaPJaX0qyJex3QYjA+c4z9K/VSCW4heV7yXZAyZjmjQEg4+9jviuK+J37Lnw2+NXhmaS+02OyvTDKtrrEMSht7IVyUx15r8/wAwySGJleIqGNUdWfln4u+Lmj6Z5nh/wRp1xeX4jDlIIxgHeM49K4mx+FfxL+O2s3GpePb/AFHTbSEbFshCAJAegx0Ir6a8YfsHfED4HavLqzeH/wC0IYUAbWVBLyfP021ha7Fuk3XzSWTpcKVQRbMjb0496+cqYStl791HuUMZ7ZWOF+GnwI0D4NfGKHxXpU95vltJVjElsoROQCSB7V9UfBLUnn8TywNqsE/m6a8pSOMBh+8jGSfx/WvErL+3dYvPOtZUn8pThGHLDvz716L+zG9nP8S76UT4uE0WRZLcdEHnRV9h4ZXq+JGWyf8Az8X5M9PL1fGw9T3miiiv9FT7QKKKKACiiigAooooA//Z\"]}]', 2, 2, 0, 0.499, '1.0', 'success', NULL),
('f0409199-2103-4e8a-a565-4b05b66f59d8', 'e3705062-6525-4161-8065-5cb2efc63529', '4ebc0405-7647-436a-a448-4ac8f0a462cb', 'test', '2026-01-06 05:30:02', '[{\"dynamic_crop\": [\"/9j/4AAQSkZJRgABAQAAAQABAAD/2wBDAAIBAQEBAQIBAQECAgICAgQDAgICAgUEBAMEBgUGBgYFBgYGBwkIBgcJBwYGCAsICQoKCgoKBggLDAsKDAkKCgr/2wBDAQICAgICAgUDAwUKBwYHCgoKCgoKCgoKCgoKCgoKCgoKCgoKCgoKCgoKCgoKCgoKCgoKCgoKCgoKCgoKCgoKCgr/wAARCABLACoDASIAAhEBAxEB/8QAHwAAAQUBAQEBAQEAAAAAAAAAAAECAwQFBgcICQoL/8QAtRAAAgEDAwIEAwUFBAQAAAF9AQIDAAQRBRIhMUEGE1FhByJxFDKBkaEII0KxwRVS0fAkM2JyggkKFhcYGRolJicoKSo0NTY3ODk6Q0RFRkdISUpTVFVWV1hZWmNkZWZnaGlqc3R1dnd4eXqDhIWGh4iJipKTlJWWl5iZmqKjpKWmp6ipqrKztLW2t7i5usLDxMXGx8jJytLT1NXW19jZ2uHi4+Tl5ufo6erx8vP09fb3+Pn6/8QAHwEAAwEBAQEBAQEBAQAAAAAAAAECAwQFBgcICQoL/8QAtREAAgECBAQDBAcFBAQAAQJ3AAECAxEEBSExBhJBUQdhcRMiMoEIFEKRobHBCSMzUvAVYnLRChYkNOEl8RcYGRomJygpKjU2Nzg5OkNERUZHSElKU1RVVldYWVpjZGVmZ2hpanN0dXZ3eHl6goOEhYaHiImKkpOUlZaXmJmaoqOkpaanqKmqsrO0tba3uLm6wsPExcbHyMnK0tPU1dbX2Nna4uPk5ebn6Onq8vP09fb3+Pn6/9oADAMBAAIRAxEAPwD52tSzAJsb7vHFV/EOiWOu2clhe2pkjbnHbPYn8ea2LGyhSJbeRmO3hiTVlrC1bPknBPvXymsSnK2h83alD46+EepTWqRfb9LeUMquw3Kc87fbnpViy+LHhbUHENzfG2ZnIMdwrDBx64rrv2ktM8Vafoker+GLaBkgYm7RoCz49RgV4zf+MLbxlotj4St/Dwh1S6uhDLcNHkqCR0HUGqXLNM25IuKO4k8f6BdapDpdtrEJmaIPgP25/wAKib4h6eGI/tWLg/8APStmL9m7wnb3sU7lhcR2L2xfIG9sdcdc8k1zk37KztKzQ+IwELEoGPIHaslzWNFCjJan02kIUFsDnr/SkCOD0x9asmMLg44odS3Yce+KmLu9TkbSKV26nm6jEgOQxZM/Lj0r5pi8JXvxe+MGv3nhC4jtbezuS0k/kkAuOAAQOOleu/Hf4o2/w/0SaNblDcXVo4tYgQzZxjdtyOOevsay/wBlfS9Gt/htFdWsqTXd3dPJfyKCMv6c9auk5K6extGDpx5mzk57/wDaM8MwvCPKvNkqhJJIMjYvUDjJJ4rKk139oWaRphDAoZiQv2UjGe3SvpI2kez5R8wOV3DODVV9HSVzJI7lmOWPHJpJJCVSD1SNXyyvysOQec9qUKSu3y9xcgKARzzTYjOsYe42j5Bna2c4z/Ssnx/4nh8I+EtU8QzpG/2K0kaFHYLvbYcDOc1ml7vmZxSbSZ47/Y9j8W/2rNUHiDT5p9IsdFextoS42jy2B8zI9WbivZPDng3QPC9iml6HYLDbxEuEB5JOOTXkP7GXhhjpOrfE28t76I6ixit1mYlChbfkM3LcAD6ivdLbbMqtGwIZOorf7JVaTlLl6ITBycRgZNN2H/nn+tTyR7AcdRUe8eprLXqRolZBOqiNcKCAMenH1rxv9s7X57fwFb+H7B7cy6jfpHtlO1iuR9327V7VcS28UPnFTwCQCQCfavAf2k9f8Ma5450Dw8dQlifTtYX7QGjWUBQu7H5gVN/3li4K+x6h8MvB8HhTwVpHh+GWdI7axXzLVrjzELt8x+nJNdSq28SgW6lMcbR0qtot5JfWEF3G7NHNCrxl41QlSBjgVZkDBgWTH0pOTk9SHe+o9A7SHcGIxUZjfP3TViJgwyr8Gncev6VYhLpkMePLJ9No5zXz/wDHn4K/FHxl8XTrnhPwJb3GnssDW90SBvIOHLfMCPTgGvoIkqxZTgrkg+hFP8qMjft58zH4FSf580Rsnc6KTtch0rS4NPsorSGJIjHGqvEg+VSB0GaueXERjAJqLrlSchTxntSRsShJNSve1MJO7HPaoATGpH0pv2W4PIY/lU0ZJXBNISQTyaoR/9k=\", \"/9j/4AAQSkZJRgABAQAAAQABAAD/2wBDAAIBAQEBAQIBAQECAgICAgQDAgICAgUEBAMEBgUGBgYFBgYGBwkIBgcJBwYGCAsICQoKCgoKBggLDAsKDAkKCgr/2wBDAQICAgICAgUDAwUKBwYHCgoKCgoKCgoKCgoKCgoKCgoKCgoKCgoKCgoKCgoKCgoKCgoKCgoKCgoKCgoKCgoKCgr/wAARCABRAEsDASIAAhEBAxEB/8QAHwAAAQUBAQEBAQEAAAAAAAAAAAECAwQFBgcICQoL/8QAtRAAAgEDAwIEAwUFBAQAAAF9AQIDAAQRBRIhMUEGE1FhByJxFDKBkaEII0KxwRVS0fAkM2JyggkKFhcYGRolJicoKSo0NTY3ODk6Q0RFRkdISUpTVFVWV1hZWmNkZWZnaGlqc3R1dnd4eXqDhIWGh4iJipKTlJWWl5iZmqKjpKWmp6ipqrKztLW2t7i5usLDxMXGx8jJytLT1NXW19jZ2uHi4+Tl5ufo6erx8vP09fb3+Pn6/8QAHwEAAwEBAQEBAQEBAQAAAAAAAAECAwQFBgcICQoL/8QAtREAAgECBAQDBAcFBAQAAQJ3AAECAxEEBSExBhJBUQdhcRMiMoEIFEKRobHBCSMzUvAVYnLRChYkNOEl8RcYGRomJygpKjU2Nzg5OkNERUZHSElKU1RVVldYWVpjZGVmZ2hpanN0dXZ3eHl6goOEhYaHiImKkpOUlZaXmJmaoqOkpaanqKmqsrO0tba3uLm6wsPExcbHyMnK0tPU1dbX2Nna4uPk5ebn6Onq8vP09fb3+Pn6/9oADAMBAAIRAxEAPwDjH8hRuIOM5znHr/jVW51m2hHlI4LZz81c7e+ILqdiGlK4+lZ8+os/Ekqg/WuB4jS55lOipSuzob/xM6ofKCtism98Q3EqlojjHasmW6ldWw6iq7XJU4Y5J96wniuZ2ZvGlCOxaudcuyCJHNZepa80UBLybQoyWPalurhvKMnfsK5XxjcXt3pc1hptvJvmGzeRjafXv8tc1Ss7WN40o3scv8S/iclvp8jQXvlnBEW18kn39Pxrhv2fdE+L3ij4rL4xuHki0iDf9qklZtsseMqqA9Wrpvh78CpYtWa/8ZayLpd7FokUtvG4D5icDse1e1aPDZ2VnHY2MKRRp91IxgDjFYwnKD947JunClaJdt0UqC2eOnNSBQBgZ/OmEAJuZvwFISgPEh/Klc5bkc1yUc5bOOpNQNe233jGM4/WotSkkdHSNevSubs/G2hX2p3miRX+bu0kZpbcoQ4T1APWm6rbIhTfQ357xMHYaxrzxTb2l7HayECVv4Cck81lt40VLuTTrG2a4uwFIt1I+Xry3ovIrzrxpoWuXHxM8P2N5rM8NzfSTSObVwPKhV8jKnqcKeRxzWV1J3NadC+57JdXcjWxmUgKScsx+6MZzXP+L/B2sa9ZfafDGuz2cwYMzW5ys67T8q+gJI6V0g0h7rRpLHBmEsBj+YYLcYy2MY/CvN/jB8Sta0qC3+GXwpkVtYWS3gnulIMduqsP3S5yGkIA56UJKRXI3PQ5n4TfFHXdMuj4F+Jt7u1OG9kiiv5OshDHEbZ5zyeele0aPqkcsYWUsuRkDnIFeefEX9nLxJ4vsX17UNVhOuklkngTYhUcquBj5/foawvAHxC17wxCPCHxLgmhv7IOI7jeAs4HTmqqNSRTpxceaJ7/AGszOnyqdx6bqkP2jPUfkKh8I2jXOkQ3rSZV4w6E5+YHoR6j36UXPirwvaXD2txeztJG5VzDGCuR6GsvaKLszGzK9+CGxnkV4H461JPCn7RcHio3DgGCC3mXJ2vHJ1J+nr1r6Dv7ZixLgAjpXz/+0voE8WpQeKliYBSokB4X8utaRcVNXLpnpun+BdO0LxbfeMLO4lZ7qPy3Ucrt4x/IUlxpGlTeMbTxFfxwLNZWLxxXEi/Mobqo9q3Ph0o1jwzaXs/3Xs4yGIyD7GvJ/wBoC98VJ8UB4fS0uYdOe3ijtDDGT9oR+GJYdDu446VKXNOy2N/fbszS8dfFHxb4vu/+EA+ESOzsFW71KNcqp9FPeuv+CP7PVr4JKa94ouFvdTjYtFun/wBW56s2eC306Vs/B7QtD8NaMthYWK28yf64EfMp/u7v69a7mO4HDiLOBxk5/wAn3rROMIXj8RnKUou0dhhsDLuR/myMAnrivJv2i/hfrninRzdeE9Mgmv4HUQ2rRjfKrfeYNivXZZ5ZF5XbUE8n7pVRm81mKRyKmQmaxStPmIg3Td1ueH+HtD+I/gL4SPYWk9zf6n/bS2+pK0rMtla7eIoSTgqD/GOPavWPB/hrS9T8M2d8nhc2PmQ5NreovmxnJB389Scn8a2bfT7W2tBbwHdGM4XsGPfHrTjbxMcmEZ/3aqSi9SpSvsOudPjkTyVRDnua8t/aC8EeIvEvhZtM8P8Aht7uRpsyuqjIA985r12Qwqu9j+FZ8h8r+BFUnIC/xClaLkm+hK0PKP2ePCvi/wAM6FcX3jL7VCgcJY6fM/zKq/xn256deK1PGvjCz0q1fVtXukWGxQlj5YIDn7ijI710XiTUCqOzTsTgDJ68d/rz1rwb45arqOu61pvgfTGkJurgI/yffY+oz/DTSjVlyrY0u3G56h+zf4n1jx54BPirWtNaEXGoTfZpNhVJYVYbWAJJPQ16bEQFCjvWL4D8OWnhXwzYeG7SELHY2qQqUQAZ7kfjurb2KpUqKmXKvhIbuSeU3TePzpHaaJNiNtY91GalwPQUFQTnFMRHbMcgEYJOelSh0A5Xmo1dXdfmXNSc96zk25WQFWYF03EnPpmq9yzeURIvy4xmrTFmO7AzTJIiww0e6rbsB4/8ZfiFD4SnWK9jkWOd9sThSc4XJ6V558JWtfHXx/g1e7mMtvbQ+dESuA23oB717x8RvhX4b+I2mLpmuQSjy2Zree3n8tkJ4PBzn8az/hf8CfCvgS7nvNOt7qW5dmDT3kg+VeMbQowucHtV0nCk2zWLcY2R3FhGqQ7s5OSevuT/ADNS71PeltrB4R5Q9MdasC1AO1sk/wCyKyk1exm1YrqWY4ViacFctgZNWYY2LN5saLhsIVOd1BaeCUFNoTuduaV2IrpDF5gaO2O/PLZPAqbYx5qRSmxmVXyflPNJT2Arr1H1qVOv4UUU5AJF/wAflVtI/wCQ/q3/AF7xf+zUUVlLc0LX/Lb8Klt/9dRRSJkMT/Up/v1MP9UKKK0JKkX3z/12qaiim9wP/9k=\"], \"detection_predictions\": {\"image\": {\"width\": 1024, \"height\": 768}, \"predictions\": [{\"x\": 623.0, \"y\": 96.5, \"class\": \"Jentik-Nyamuk\", \"width\": 42.0, \"height\": 75.0, \"class_id\": 0, \"parent_id\": \"image\", \"confidence\": 0.5823959112167358, \"detection_id\": \"947fb657-7b84-45d2-b686-33a43131db2e\"}, {\"x\": 405.5, \"y\": 78.5, \"class\": \"Jentik-Nyamuk\", \"width\": 75.0, \"height\": 81.0, \"class_id\": 0, \"parent_id\": \"image\", \"confidence\": 0.4063355326652527, \"detection_id\": \"7f4c62a2-652c-4d17-93a7-77b0acca88d1\"}]}, \"bounding_box_visualization\": [\"/9j/4AAQSkZJRgABAQAAAQABAAD/2wBDAAIBAQEBAQIBAQECAgICAgQDAgICAgUEBAMEBgUGBgYFBgYGBwkIBgcJBwYGCAsICQoKCgoKBggLDAsKDAkKCgr/2wBDAQICAgICAgUDAwUKBwYHCgoKCgoKCgoKCgoKCgoKCgoKCgoKCgoKCgoKCgoKCgoKCgoKCgoKCgoKCgoKCgoKCgr/wAARCABLACoDASIAAhEBAxEB/8QAHwAAAQUBAQEBAQEAAAAAAAAAAAECAwQFBgcICQoL/8QAtRAAAgEDAwIEAwUFBAQAAAF9AQIDAAQRBRIhMUEGE1FhByJxFDKBkaEII0KxwRVS0fAkM2JyggkKFhcYGRolJicoKSo0NTY3ODk6Q0RFRkdISUpTVFVWV1hZWmNkZWZnaGlqc3R1dnd4eXqDhIWGh4iJipKTlJWWl5iZmqKjpKWmp6ipqrKztLW2t7i5usLDxMXGx8jJytLT1NXW19jZ2uHi4+Tl5ufo6erx8vP09fb3+Pn6/8QAHwEAAwEBAQEBAQEBAQAAAAAAAAECAwQFBgcICQoL/8QAtREAAgECBAQDBAcFBAQAAQJ3AAECAxEEBSExBhJBUQdhcRMiMoEIFEKRobHBCSMzUvAVYnLRChYkNOEl8RcYGRomJygpKjU2Nzg5OkNERUZHSElKU1RVVldYWVpjZGVmZ2hpanN0dXZ3eHl6goOEhYaHiImKkpOUlZaXmJmaoqOkpaanqKmqsrO0tba3uLm6wsPExcbHyMnK0tPU1dbX2Nna4uPk5ebn6Onq8vP09fb3+Pn6/9oADAMBAAIRAxEAPwDy7xv478V6R4uu9K03UjHBEE8tBbocZjUnkrnqTWPefEvx6UZLfXWU4+VltYTg490Per3j+GCbxpeiQnrHnB/6ZrWU1hatnyTgn3r6HjHjLi/CcX5jRo5jXjCNesoxVaokkqkkkkpWSS0SWiR7WY5lj4Y+rGNWSSlJW5ntd+Z5N4p/aJ/af+H+tyHUPFS6np5YbM6bao68842xjP40th+2t4xvZBFP45+yuWI2XGmwjHHr5dM/aS0zxVp+iR6v4YtoGSBibtGgLPj1GBXjN/4wtvGWi2PhK38PCHVLq6EMtw0eSoJHQdQa+eXHHGkk/wDhTxH/AIPqf/JGX1/HuP8AGn/4E/8AM9rb9sT4gT6nFpVp8RYDK8W8r9it+nP/AEz9q+o/h9rF14h8BaJr97cCaa+0i2uJpQoG9niVi2BwMk544r49i/Zu8J297FO5YXEdi9sXyBvbHXHXPJNfXfws0tNE+GPhzRYnLLZ6DZwKx6kJCi5/Sv3nwA4gz/Oc3xsMwxdWso04tKpUlNJ8265m7M+o4axVfEVpqpOUrJbtv8zlfHkS/wDCWXjgD5vLz/37WsUI4PTH1rf8dJ/xVN0xH9z/ANAWsl1Ldhx74r8A43d+N80T/wCgiv8A+nZHyGZtLMa3+OX5spXbqebqMSA5DFkz8uPSvmmLwle/F74wa/eeELiO1t7O5LST+SQC44ABA46V678d/ijb/D/RJo1uUNxdWji1iBDNnGN23I456+xrL/ZX0vRrf4bRXVrKk13d3TyX8igjL+nPWvmKTkrp7GEYOnHmbOTnv/2jPDMLwjyrzZKoSSSDI2L1A4ySeK+wvhdPqF18M/Dt1q0YS6k0K0a5ULgCQwoWGO3Oa86NpHs+UfMDldwzg16r4c3f8I9Yb2yfsUWSe52Cv6P+jeks7x9v+fcf/Sj6vhKUZYiq12X5nF+OFz4oujjP3Pw+RaygpK7fL3FyAoBHPNavjfcvii6Y4C7Y+/J+Qf41yXj/AMTw+EfCWqeIZ0jf7FaSNCjsF3tsOBnOa/FeOl/xmuad/rNf/wBOyPnMxSeZ1k/55fmzx3+x7H4t/tWaoPEGnzT6RY6K9jbQlxtHlsD5mR6s3FeyeHPBugeF7FNL0OwWG3iJcIDySccmvIf2MvDDHSdW+Jt5b30R1FjFbrMxKFC2/IZuW4AH1Fe6W22ZVaNgQydRXzn2TkrScpcvRCYOTiMDJr0zQBjQrIf9Okf/AKCK84kj2A46ivR9B/5Adl/16R/+giv6M+jff+3Mff8A59x/9KPrOEbLEVEuy/M4nx6AfEdydoPCZ7fwL3rwb9s7X57fwFb+H7B7cy6jfpHtlO1iuR9327V7946khh165lcZKhTjIGfkHGTXzb+0nr/hjXPHOgeHjqEsT6drC/aA0aygKF3Y/MCvxbjl/wDGdZmv+oit/wCnZHg5gr5lWt/PL82eofDLwfB4U8FaR4fhlnSO2sV8y1a48xC7fMfpyTXUqtvEoFupTHG0dKraLeSX1hBdxuzRzQq8ZeNUJUgY4FWZAwYFkx9K+UcnJ6nnO99R6B2kO4MRivR9CGNDsxj/AJdI/wD0EV55EwYZV+DXoui/8ga0/wCvaP8A9BFf0p9G7/kd4/8A69x/9KPruEP95q+i/M43xwUOvXAMZJ+TG0c52rXzb8efgr8UfGXxdOueE/AlvcaeywNb3RIG8g4ct8wI9OAa+v7vw3ot9dG9urPdKxBL+Yw6DA6H2qE+DfDZbd/ZvP8A12f/ABrbiPwF4vzfiPGZhRr0FCtVqTipSqXSnNySdqTV7PWzav1ZviOG8dVxdSrGUbSk3u+rv2OF0rS4NPsorSGJIjHGqvEg+VSB0GaueXERjAJrsP8AhEfDxAB0/gdMzP8A40Dwl4fHA0//AMjP/jXif8S58bN3+sYf/wADq/8Ayk43wnmTd+eH3v8A+ROLe1QAmNSPpXe6MCNHtAe1tH/6CKg/4RXQQMfYf/Ir/wCNXoYo4IlgiXCooVRnoB0r9b8JfDHP+AsxxOIzCrSnGpBRXs5TbunfXmhHT7z3MiyXFZXWnOq4tNW0b/VI/9k=\", \"/9j/4AAQSkZJRgABAQAAAQABAAD/2wBDAAIBAQEBAQIBAQECAgICAgQDAgICAgUEBAMEBgUGBgYFBgYGBwkIBgcJBwYGCAsICQoKCgoKBggLDAsKDAkKCgr/2wBDAQICAgICAgUDAwUKBwYHCgoKCgoKCgoKCgoKCgoKCgoKCgoKCgoKCgoKCgoKCgoKCgoKCgoKCgoKCgoKCgoKCgr/wAARCABRAEsDASIAAhEBAxEB/8QAHwAAAQUBAQEBAQEAAAAAAAAAAAECAwQFBgcICQoL/8QAtRAAAgEDAwIEAwUFBAQAAAF9AQIDAAQRBRIhMUEGE1FhByJxFDKBkaEII0KxwRVS0fAkM2JyggkKFhcYGRolJicoKSo0NTY3ODk6Q0RFRkdISUpTVFVWV1hZWmNkZWZnaGlqc3R1dnd4eXqDhIWGh4iJipKTlJWWl5iZmqKjpKWmp6ipqrKztLW2t7i5usLDxMXGx8jJytLT1NXW19jZ2uHi4+Tl5ufo6erx8vP09fb3+Pn6/8QAHwEAAwEBAQEBAQEBAQAAAAAAAAECAwQFBgcICQoL/8QAtREAAgECBAQDBAcFBAQAAQJ3AAECAxEEBSExBhJBUQdhcRMiMoEIFEKRobHBCSMzUvAVYnLRChYkNOEl8RcYGRomJygpKjU2Nzg5OkNERUZHSElKU1RVVldYWVpjZGVmZ2hpanN0dXZ3eHl6goOEhYaHiImKkpOUlZaXmJmaoqOkpaanqKmqsrO0tba3uLm6wsPExcbHyMnK0tPU1dbX2Nna4uPk5ebn6Onq8vP09fb3+Pn6/9oADAMBAAIRAxEAPwDntU1W5tLt4klwoxj5R6D2rMufGNxD8iXgLf7SL/hWN481aeHxJc2qylQmzGP9xTXOz6iz8SSqD9a+24v4y4qwnFWPo0cfWjCNeqklVmkkqkkkkpWSS0SWyO3H4/Mo5pXjGvNJTlZKUrJcz0Wp1d58QNViUmC4U/8AAF/wrOuviT4lKlre+C47eUh/pXNS3Urq2HUVXa5KnDHJPvXzE+POMG7f2lX/APB1T/5I51mWZL/mIn/4HL/M35vij4xj66pj/t3j/wDiao3/AMYvGdtEz/22EAGSxtouP/Haxbq4byjJ37CuV8Y3F7d6XNYabbyb5hs3kY2n17/LXPPjrjO2mZYj/wAHVP8A5I1jmOZXt7ef/gUv8w8e/tZ/ETRrJ5tN8WJC2CIsWcDEn3BQ4/Gua+CPx/8A2yPiB45W91nxei+HLd3a536PaqJUxkKjCIMW/Gsn4e/AqWLVmv8AxlrIul3sWiRS28bgPmJwOx7V7Vo8NnZWcdjYwpFGn3UjGAOMVlDjnjWD9/M8R/4Oqf8AyR1TzPHRp6VpX/xP/M6mH4i+MmXL6x/5Lx//ABNd74N1G81Xw3bX9/N5k0m/e+0DOHYDgcdAK8nIATczfgK9R+HWP+ENs8HI/ec/9tGr9p8CeI+Ic44vr0cfjKtaCoSajOpOaT9pSV0pNq9m1fezfc9vhbG4vE5hKNWpKS5W7Nt9Y92cJ8S7jy/Gl6Ow8vP/AH7Wuda9tvvGMZx+ta/xbaQ+Mb+JFySIsf8Afpa8/s/G2hX2p3miRX+bu0kZpbcoQ4T1APWvxbjiq/8AXXM1/wBRFb/05I+ZzGm/7Trtfzy/9KZvz3iYOw1jXnim3tL2O1kIErfwE5J5rLbxoqXcmnWNs1xdgKRbqR8vXlvReRXnXjTQtcuPiZ4fsbzWZ4bm+kmkc2rgeVCr5GVPU4U8jjmvk7qTuctOhfc9kuruRrYzKQFJOWY/dGM5rn/F/g7WNesvtPhjXZ7OYMGZrc5Wddp+VfQEkdK6QaQ91o0ljgzCWAx/MMFuMZbGMfhXm/xg+JWtaVBb/DL4UyK2sLJbwT3SkGO3VWH7pc5DSEAc9KElIrkbnocz8JvijrumXR8C/E293anDeyRRX8nWQhjiNs855PPSvaNH1SOWMLKWXIyBzkCvPPiL+zl4k8X2L69qGqwnXSSyTwJsQqOVXAx8/v0NYXgD4ha94YhHhD4lwTQ39kHEdxvAWcDpzVVGpIp04uPNE9/tZmdPlU7j03V6v8ON3/CGWe/r+8/9GNXk3hG0a50iG9aTKvGHQnPzA9CPUe/SvWvh3LFL4PtWgmWRQ8q7l6EiVwf1Br92+jrK/G2Ii/8AoHn/AOnKJ9Hwh/yMp/4H/wClRPOvixn/AITe8wef3f8A6KWvmbx1qSeFP2i4PFRuHAMEFvMuTteOTqT9PXrX098U4C/jO9f2jx/37WvmT9pfQJ4tSg8VLEwClRIDwv5da/MeN2o8cZlf/oIrf+nJHj5h/wAjKv8A45f+lM9N0/wLp2heLb7xhZ3ErPdR+W6jldvGP5CkuNI0qbxjaeIr+OBZrKxeOK4kX5lDdVHtW58OlGseGbS9n+69nGQxGQfY15P+0Be+Kk+KA8PpaXMOnPbxR2hhjJ+0I/DEsOh3ccdK+US5p2Wxh77dmaXjr4o+LfF93/wgHwiR2dgq3epRrlVPop711/wR/Z6tfBJTXvFFwt7qcbFot0/+rc9WbPBb6dK2fg9oWh+GtGWwsLFbeZP9cCPmU/3d39etdzHcDhxFnA4yc/5PvWicYQvH4jOUpRdo7DDYGXcj/NkYBPXFeTftF/C/XPFOjm68J6ZBNfwOohtWjG+VW+8wbFeuyzyyLyu2oJ5P3SqjN5rMUjkVMhM1ilafMRBum7rc8P8AD2h/EfwF8JHsLSe5v9T/ALaW31JWlZlsrXbxFCScFQf4xx7V9P8AwTaB/hbpDW2iz6cphc/Y7oYkjPmPndjuTkn61yNvp9rbWgt4DujGcL2DHvj1r0PwSMeGLUAY+/8A+htX799Hfl/12xDX/QPP/wBOUT6vhSV8yn/gf5xOU8d2a3PiK5XYpLbMk9fuLXjP7QXgjxF4l8LNpnh/w293I02ZXVRkAe+c17f4yMSa/cM5/ucf8AFc7IfK/gRVJyAv8Qr8r45UXxvmTfTEV/8A05I8LMv+RlW/xy/NnlH7PHhXxf4Z0K4vvGX2qFA4Sx0+Z/mVV/jPtz068VqeNfGFnpVq+ravdIsNihLHywQHP3FGR3rovEmoFUdmnYnAGT147/XnrXg3xy1XUdd1rTfA+mNITdXAR/k++x9Rn+Gvl0o1Zcq2OW7cbnqH7N/ifWPHngE+Kta01oRcahN9mk2FUlhVhtYAkk9DXpsRAUKO9YvgPw5aeFfDNh4btIQsdjapCpRABnuR+O6tvYqlSoqZcq+Ehu5J5TdN4/Okdpok2I21j3UZqXA9BQVBOcUxEdsxyARgk56V33g058N2xx/f/wDQ2rgldXdfmXNd74Oz/wAI5bZ/2/8A0Nq/efo6v/jOMR/2Dz/9O0T6nhL/AJGU/wDA/wA4nI+O1z4kujk/wcZ/2FrCuWbyiJF+XGM1veN8/wDCT3OAP4P/AEBayJIiww0e6vy7jp242zP/ALCK3/pyR4mZ/wDIyrf45fmzx/4y/EKHwlOsV7HIsc77YnCk5wuT0rzz4Sta+Ovj/Bq93MZbe2h86IlcBtvQD3r3j4jfCvw38RtMXTNcglHlszW89vP5bITweDnP41n/AAv+BPhXwJdz3mnW91LcuzBp7yQfKvGNoUYXOD2r5mk4Um2c0W4xsjuLCNUh3Zyck9fcn+ZqXep70ttYPCPKHpjrVgWoB2tkn/ZFZSavYzasV1LMcKxNOCuWwMmrMMbFm82NFw2EKnO6gtPBKCm0J3O3NK7EV0hi8wNHbHfnlsngV33g/jw5b/8AA/8A0Nq4tSmxmVXyflPNdr4R/wCRet/+B/8AobV++/R0042xH/YPP/05RPqeEv8AkZT/AMD/ADiaVFFFf2efoYUUUUAFFFFABRRRQAUUUUAf/9k=\"]}]', 2, 2, 0, 0.4944, '1.0', 'success', NULL);

-- --------------------------------------------------------

--
-- Struktur dari tabel `jobs`
--

CREATE TABLE `jobs` (
  `id` bigint UNSIGNED NOT NULL,
  `queue` varchar(255) COLLATE utf8mb4_unicode_ci NOT NULL,
  `payload` longtext COLLATE utf8mb4_unicode_ci NOT NULL,
  `attempts` tinyint UNSIGNED NOT NULL,
  `reserved_at` int UNSIGNED DEFAULT NULL,
  `available_at` int UNSIGNED NOT NULL,
  `created_at` int UNSIGNED NOT NULL
) ENGINE=InnoDB DEFAULT CHARSET=utf8mb4 COLLATE=utf8mb4_unicode_ci;

-- --------------------------------------------------------

--
-- Struktur dari tabel `job_batches`
--

CREATE TABLE `job_batches` (
  `id` varchar(255) COLLATE utf8mb4_unicode_ci NOT NULL,
  `name` varchar(255) COLLATE utf8mb4_unicode_ci NOT NULL,
  `total_jobs` int NOT NULL,
  `pending_jobs` int NOT NULL,
  `failed_jobs` int NOT NULL,
  `failed_job_ids` longtext COLLATE utf8mb4_unicode_ci NOT NULL,
  `options` mediumtext COLLATE utf8mb4_unicode_ci,
  `cancelled_at` int DEFAULT NULL,
  `created_at` int NOT NULL,
  `finished_at` int DEFAULT NULL
) ENGINE=InnoDB DEFAULT CHARSET=utf8mb4 COLLATE=utf8mb4_unicode_ci;

-- --------------------------------------------------------

--
-- Struktur dari tabel `migrations`
--

CREATE TABLE `migrations` (
  `id` int UNSIGNED NOT NULL,
  `migration` varchar(255) COLLATE utf8mb4_unicode_ci NOT NULL,
  `batch` int NOT NULL
) ENGINE=InnoDB DEFAULT CHARSET=utf8mb4 COLLATE=utf8mb4_unicode_ci;

--
-- Dumping data untuk tabel `migrations`
--

INSERT INTO `migrations` (`id`, `migration`, `batch`) VALUES
(1, '0001_01_01_000000_create_users_table', 1),
(2, '0001_01_01_000001_create_cache_table', 1),
(3, '0001_01_01_000002_create_jobs_table', 1);

-- --------------------------------------------------------

--
-- Struktur dari tabel `password_reset_tokens`
--

CREATE TABLE `password_reset_tokens` (
  `email` varchar(255) COLLATE utf8mb4_unicode_ci NOT NULL,
  `token` varchar(255) COLLATE utf8mb4_unicode_ci NOT NULL,
  `created_at` timestamp NULL DEFAULT NULL
) ENGINE=InnoDB DEFAULT CHARSET=utf8mb4 COLLATE=utf8mb4_unicode_ci;

-- --------------------------------------------------------

--
-- Struktur dari tabel `sessions`
--

CREATE TABLE `sessions` (
  `id` varchar(255) COLLATE utf8mb4_unicode_ci NOT NULL,
  `user_id` bigint UNSIGNED DEFAULT NULL,
  `ip_address` varchar(45) COLLATE utf8mb4_unicode_ci DEFAULT NULL,
  `user_agent` text COLLATE utf8mb4_unicode_ci,
  `payload` longtext COLLATE utf8mb4_unicode_ci NOT NULL,
  `last_activity` int NOT NULL
) ENGINE=InnoDB DEFAULT CHARSET=utf8mb4 COLLATE=utf8mb4_unicode_ci;

--
-- Dumping data untuk tabel `sessions`
--

INSERT INTO `sessions` (`id`, `user_id`, `ip_address`, `user_agent`, `payload`, `last_activity`) VALUES
('b5Dc0IzdOi5sDYk5YmInlTRCNPkNg09U4AmmBsPk', NULL, '127.0.0.1', 'Mozilla/5.0 (Windows NT 10.0; Win64; x64) AppleWebKit/537.36 (KHTML, like Gecko) Chrome/143.0.0.0 Safari/537.36 Edg/143.0.0.0', 'YTo4OntzOjY6Il90b2tlbiI7czo0MDoiQTl5U3ZjS2c4c2RPQ09CZ2ZVQ0pyd2ZTQ01BeEYyRHFDMUJwVzZhUCI7czo5OiJfcHJldmlvdXMiO2E6Mjp7czozOiJ1cmwiO3M6MzE6Imh0dHA6Ly8xMjcuMC4wLjE6ODAwMS9kYXNoYm9hcmQiO3M6NToicm91dGUiO3M6OToiZGFzaGJvYXJkIjt9czo2OiJfZmxhc2giO2E6Mjp7czozOiJvbGQiO2E6MDp7fXM6MzoibmV3IjthOjA6e319czo5OiJkZXZpY2VfaWQiO3M6MzY6IjRlYmMwNDA1LTc2NDctNDM2YS1hNDQ4LTRhYzhmMGE0NjJjYiI7czoxMToiZGV2aWNlX2NvZGUiO3M6NDoidGVzdCI7czoxNToiZGV2aWNlX2xvY2F0aW9uIjtOO3M6MTE6ImRldmljZV9pbmZvIjthOjY6e3M6MjoiaWQiO3M6MzY6IjRlYmMwNDA1LTc2NDctNDM2YS1hNDQ4LTRhYzhmMGE0NjJjYiI7czoxMToiZGV2aWNlX2NvZGUiO3M6NDoidGVzdCI7czo4OiJsb2NhdGlvbiI7TjtzOjExOiJkZXNjcmlwdGlvbiI7TjtzOjk6ImlzX2FjdGl2ZSI7YjoxO3M6MTA6ImNyZWF0ZWRfYXQiO3M6MTk6IjIwMjYtMDEtMDJUMDM6NDQ6MjciO31zOjE1OiJhcGlfY3JlZGVudGlhbHMiO2E6Mjp7czoxMToiZGV2aWNlX2NvZGUiO3M6NDoidGVzdCI7czo4OiJwYXNzd29yZCI7czozOiIxMjMiO319', 1767792242);

-- --------------------------------------------------------

--
-- Struktur dari tabel `users`
--

CREATE TABLE `users` (
  `id` bigint UNSIGNED NOT NULL,
  `name` varchar(255) COLLATE utf8mb4_unicode_ci NOT NULL,
  `email` varchar(255) COLLATE utf8mb4_unicode_ci NOT NULL,
  `email_verified_at` timestamp NULL DEFAULT NULL,
  `password` varchar(255) COLLATE utf8mb4_unicode_ci NOT NULL,
  `remember_token` varchar(100) COLLATE utf8mb4_unicode_ci DEFAULT NULL,
  `created_at` timestamp NULL DEFAULT NULL,
  `updated_at` timestamp NULL DEFAULT NULL
) ENGINE=InnoDB DEFAULT CHARSET=utf8mb4 COLLATE=utf8mb4_unicode_ci;

--
-- Indexes for dumped tables
--

--
-- Indeks untuk tabel `alerts`
--
ALTER TABLE `alerts`
  ADD PRIMARY KEY (`id`),
  ADD KEY `idx_device_code` (`device_code`),
  ADD KEY `idx_device_id` (`device_id`),
  ADD KEY `idx_created_at` (`created_at`),
  ADD KEY `idx_resolved_at` (`resolved_at`),
  ADD KEY `idx_alert_level` (`alert_level`);

--
-- Indeks untuk tabel `cache`
--
ALTER TABLE `cache`
  ADD PRIMARY KEY (`key`);

--
-- Indeks untuk tabel `cache_locks`
--
ALTER TABLE `cache_locks`
  ADD PRIMARY KEY (`key`);

--
-- Indeks untuk tabel `devices`
--
ALTER TABLE `devices`
  ADD PRIMARY KEY (`id`),
  ADD UNIQUE KEY `device_code` (`device_code`),
  ADD KEY `idx_device_code` (`device_code`);

--
-- Indeks untuk tabel `device_auth`
--
ALTER TABLE `device_auth`
  ADD PRIMARY KEY (`id`),
  ADD UNIQUE KEY `device_code` (`device_code`),
  ADD KEY `idx_device_code` (`device_code`),
  ADD KEY `device_id` (`device_id`);

--
-- Indeks untuk tabel `device_controls`
--
ALTER TABLE `device_controls`
  ADD PRIMARY KEY (`id`),
  ADD UNIQUE KEY `device_id` (`device_id`),
  ADD UNIQUE KEY `device_code` (`device_code`);

--
-- Indeks untuk tabel `failed_jobs`
--
ALTER TABLE `failed_jobs`
  ADD PRIMARY KEY (`id`),
  ADD UNIQUE KEY `failed_jobs_uuid_unique` (`uuid`);

--
-- Indeks untuk tabel `images`
--
ALTER TABLE `images`
  ADD PRIMARY KEY (`id`),
  ADD KEY `idx_device_code` (`device_code`),
  ADD KEY `idx_device_id` (`device_id`),
  ADD KEY `idx_uploaded_at` (`uploaded_at`);

--
-- Indeks untuk tabel `inference_results`
--
ALTER TABLE `inference_results`
  ADD PRIMARY KEY (`id`),
  ADD KEY `idx_device_code` (`device_code`),
  ADD KEY `idx_device_id` (`device_id`),
  ADD KEY `idx_inference_at` (`inference_at`),
  ADD KEY `idx_status` (`status`),
  ADD KEY `image_id` (`image_id`);

--
-- Indeks untuk tabel `jobs`
--
ALTER TABLE `jobs`
  ADD PRIMARY KEY (`id`),
  ADD KEY `jobs_queue_index` (`queue`);

--
-- Indeks untuk tabel `job_batches`
--
ALTER TABLE `job_batches`
  ADD PRIMARY KEY (`id`);

--
-- Indeks untuk tabel `migrations`
--
ALTER TABLE `migrations`
  ADD PRIMARY KEY (`id`);

--
-- Indeks untuk tabel `password_reset_tokens`
--
ALTER TABLE `password_reset_tokens`
  ADD PRIMARY KEY (`email`);

--
-- Indeks untuk tabel `sessions`
--
ALTER TABLE `sessions`
  ADD PRIMARY KEY (`id`),
  ADD KEY `sessions_user_id_index` (`user_id`),
  ADD KEY `sessions_last_activity_index` (`last_activity`);

--
-- Indeks untuk tabel `users`
--
ALTER TABLE `users`
  ADD PRIMARY KEY (`id`),
  ADD UNIQUE KEY `users_email_unique` (`email`);

--
-- AUTO_INCREMENT untuk tabel yang dibuang
--

--
-- AUTO_INCREMENT untuk tabel `failed_jobs`
--
ALTER TABLE `failed_jobs`
  MODIFY `id` bigint UNSIGNED NOT NULL AUTO_INCREMENT;

--
-- AUTO_INCREMENT untuk tabel `jobs`
--
ALTER TABLE `jobs`
  MODIFY `id` bigint UNSIGNED NOT NULL AUTO_INCREMENT;

--
-- AUTO_INCREMENT untuk tabel `migrations`
--
ALTER TABLE `migrations`
  MODIFY `id` int UNSIGNED NOT NULL AUTO_INCREMENT, AUTO_INCREMENT=4;

--
-- AUTO_INCREMENT untuk tabel `users`
--
ALTER TABLE `users`
  MODIFY `id` bigint UNSIGNED NOT NULL AUTO_INCREMENT;

--
-- Ketidakleluasaan untuk tabel pelimpahan (Dumped Tables)
--

--
-- Ketidakleluasaan untuk tabel `alerts`
--
ALTER TABLE `alerts`
  ADD CONSTRAINT `alerts_ibfk_1` FOREIGN KEY (`device_id`) REFERENCES `devices` (`id`) ON DELETE CASCADE;

--
-- Ketidakleluasaan untuk tabel `device_auth`
--
ALTER TABLE `device_auth`
  ADD CONSTRAINT `device_auth_ibfk_1` FOREIGN KEY (`device_id`) REFERENCES `devices` (`id`) ON DELETE CASCADE;

--
-- Ketidakleluasaan untuk tabel `device_controls`
--
ALTER TABLE `device_controls`
  ADD CONSTRAINT `device_controls_ibfk_1` FOREIGN KEY (`device_id`) REFERENCES `devices` (`id`) ON DELETE CASCADE,
  ADD CONSTRAINT `device_controls_ibfk_2` FOREIGN KEY (`device_code`) REFERENCES `devices` (`device_code`) ON DELETE CASCADE;

--
-- Ketidakleluasaan untuk tabel `images`
--
ALTER TABLE `images`
  ADD CONSTRAINT `images_ibfk_1` FOREIGN KEY (`device_id`) REFERENCES `devices` (`id`) ON DELETE CASCADE;

--
-- Ketidakleluasaan untuk tabel `inference_results`
--
ALTER TABLE `inference_results`
  ADD CONSTRAINT `inference_results_ibfk_1` FOREIGN KEY (`image_id`) REFERENCES `images` (`id`) ON DELETE CASCADE,
  ADD CONSTRAINT `inference_results_ibfk_2` FOREIGN KEY (`device_id`) REFERENCES `devices` (`id`) ON DELETE CASCADE;
COMMIT;

/*!40101 SET CHARACTER_SET_CLIENT=@OLD_CHARACTER_SET_CLIENT */;
/*!40101 SET CHARACTER_SET_RESULTS=@OLD_CHARACTER_SET_RESULTS */;
/*!40101 SET COLLATION_CONNECTION=@OLD_COLLATION_CONNECTION */;
